No,ASG_Match_Key,ASG_ISSN,ASG_Title,"Subject area AJG2024
lowest]",AJG 2024
1,,,,,
2,,,,,
3,0001-3072,0001-3072,Abacus,Finance & Accounting,3
4,,,,,
5,1941-6520,1941-6520,Academy of Management Annals,General & Strategy,4*
6,2168-1007,2168-1007,Academy of Management Discoveries,General & Strategy,3
7,0001-4273,0001-4273,Academy of Management Journal,General & Strategy,4*
8,1537-260X,1537-260X,Academy of Management Learning and Education,Education,4*
9,1558-9080,1558-9080,Academy of Management Perspectives,General & Strategy,4
10,0363-7425,0363-7425,Academy of Management Review,General & Strategy,4*
11,,,,,
12,,,,,
13,,,,,
14,,,,,
15,,,,,
16,0001-4788,0001-4788,Accounting and Business Research,Finance & Accounting,3
17,0810-5391,0810-5391,Accounting and Finance,Finance & Accounting,2
18,,,,,
19,,,,,
20,0951-3574,0951-3574,"Accounting, Auditing and Accountability Journal",Finance & Accounting,3
21,0963-9284,0963-9284,Accounting Education,Education,2
22,,,,,
23,0155-9982,0155-9982,Accounting Forum,Finance & Accounting,3
24,0148-4184,0148-4184,Accounting Historians Journal,Finance & Accounting,2
25,1032-3732,1032-3732,Accounting History,Finance & Accounting,2
26,2155-2851,2155-2851,Accounting History Review,Business History,2
27,0888-7993,0888-7993,Accounting Horizons,Finance & Accounting,3
28,1744-9480,1744-9480,Accounting in Europe,Finance & Accounting,2
29,,,,,
30,1030-9616,1030-9616,Accounting Research Journal,Finance & Accounting,2
31,,,,,
32,,,,,
33,,,,,
34,0361-3682,0361-3682,"Accounting, Organizations and Society",Finance & Accounting,4*
35,1046-8188,1046-8188,ACM Transactions on Information Systems,"Management Information Systems, Knowledge Management",
36,1049-3301,1049-3301,ACM Transactions on Modeling and Computer Simulation,"Management Information Systems, Knowledge Management",3
37,,,,,
38,,,,,
39,,,,,
40,,,,,
41,,,,,
42,,,,,
43,,,,,
44,,,,,
45,,,,,
46,0095-3997,0095-3997,Administration and Society,Public Sector Management,2
47,0001-8392,0001-8392,Administrative Science Quarterly,General & Strategy,4*
48,,,,,
49,,,,,
50,,,,,
51,0882-6110,0882-6110,Advances in Accounting,Finance & Accounting,2
52,1475-1488,1475-1488,Advances in Accounting Behavioral Research,Finance & Accounting,2
53,,,,,
54,,,,,
55,,,,,
56,,,,,
57,,,,,
58,,,,,
59,,,,,
60,,,,,
61,,,,,
62,1474-7871,1474-7871,Advances in Management Accounting,Finance & Accounting,2
63,,,,,
64,0742-3322,0742-3322,Advances in Strategic Management,General & Strategy,2
65,,,,,
66,,,,,
67,,,,,
68,,,,,
69,,,,,
70,,,,,
71,,,,,
72,,,,,
73,,,,,
74,,,,,
75,,,,,
76,,,,,
77,,,,,
78,,,,,
79,,,,,
80,,,,,
81,,,,,
82,,,,,
83,0169-5150,0169-5150,Agricultural Economics,Economics,2
84,,,,,
85,,,,,
86,,,,,
87,,,,,
88,,,,,
89,,,,,
90,,,,,
91,,,,,
92,1944-3900,1944-3900,AIS Transactions on Human-Computer Interaction,"Management Information Systems, Knowledge Management",2
93,,,,,
94,,,,,
95,,,,,
96,,,,,
97,,,,,
98,,,,,
99,,,,,
100,,,,,
101,,,,,
102,0002-7642,0002-7642,American Behavioral Scientist,"Organization Behavior/Studies, Human Resource Management, Industrial Relations",1
103,,,,,
104,,,,,
105,1945-7782,1945-7782,American Economic Journal: Applied Economics,Economics,4
106,1945-7731,1945-7731,American Economic Journal: Economic Policy,Economics,3
107,1945-7707,1945-7707,American Economic Journal: Macroeconomics,Economics,4
108,1945-7669,1945-7669,American Economic Journal: Microeconomics,Economics,3
109,2640-205X,2640-205X,American Economic Review: Insights,Economics,3
110,,,,,
111,,,,,
112,0002-9092,0002-9092,American Journal of Agricultural Economics,Economics,3
113,,,,,
114,,,,,
115,,,,,
116,,,,,
117,,,,,
118,,,,,
119,0092-5853,0092-5853,American Journal of Political Science,Sociology,4*
120,0090-0036,0090-0036,American Journal of Public Health,Economics,
121,,,,,
122,0002-9602,0002-9602,American Journal of Sociology,Sociology,4*
123,,,,,
124,0003-0554,0003-0554,American Political Science Review,Public Sector Management,4*
125,0003-066X,0003-066X,American Psychologist,Psychology,
126,,,,,
127,0275-0740,0275-0740,American Review of Public Administration,Public Sector Management,3
128,0003-1224,0003-1224,American Sociological Review,Sociology,4*
129,,,,,
130,,,,,
131,,,,,
132,,,,,
133,,,,,
134,1748-4995,1748-4995,Annals of Actuarial Science,Finance & Accounting,1
135,,,,,
136,,,,,
137,,,,,
138,,,,,
139,,,,,
140,0254-5330,0254-5330,Annals of Operations Research,"Operations Research, Management Science, Production & Operations Management",3
141,0091-1798,0091-1798,Annals of Probability,"Operations Research, Management Science, Production & Operations Management",
142,1370-4788,1370-4788,Annals of Public and Cooperative Economics,Economics,2
143,0090-5364,0090-5364,Annals of Statistics,"Operations Research, Management Science, Production & Operations Management",4*
144,,,,,
145,,,,,
146,0160-7383,0160-7383,Annals of Tourism Research,Tourism,4
147,,,,,
148,,,,,
149,,,,,
150,1941-1383,1941-1383,Annual Review of Economics,Economics,3
151,1941-1367,1941-1367,Annual Review of Financial Economics,Economics,3
152,2327-0616,2327-0616,Annual Review of Organizational Psychology and Organiza,"Psychology, Organization Behavior/Studies",
153,0066-4308,0066-4308,Annual Review of Psychology,Psychology,4
154,,,,,
155,0360-0572,0360-0572,Annual Review of Sociology,Sociology,4*
156,,,,,
157,,,,,
158,,,,,
159,,,,,
160,,,,,
161,,,,,
162,,,,,
163,,,,,
164,0003-6846,0003-6846,Applied Economics,Economics,2
165,1350-4851,1350-4851,Applied Economics Letters,Economics,1
166,,,,,
167,,,,,
168,,,,,
169,0960-3107,0960-3107,Applied Financial Economics,Economics,2
170,,,,,
171,1350-486X,1350-486X,Applied Mathematical Finance,Finance & Accounting,2
172,,,,,
173,0269-994X,0269-994X,Applied Psychology,Psychology,3
174,,,,,
175,,,,,
176,,,,,
177,,,,,
178,,,,,
179,,,,,
180,,,,,
181,,,,,
182,,,,,
183,,,,,
184,1360-2381,1360-2381,Asia Pacific Business Review,International Business,2
185,,,,,
186,,,,,
187,,,,,
188,,,,,
189,0217-4561,0217-4561,Asia Pacific Journal of Management,International Business,3
190,1355-5855,1355-5855,Asia Pacific Journal of Marketing and Logistics,Marketing,1
191,,,,,
192,1094-1665,1094-1665,Asia Pacific Journal of Tourism Research,Tourism,1
193,,,,,
194,,,,,
195,,,,,
196,,,,,
197,1608-1625,1608-1625,Asia-Pacific Journal of Accounting and Economics,Finance & Accounting,2
198,,,,,
199,,,,,
200,1038-4111,1038-4111,Asia Pacific Journal of Human Resources,"Organization Behavior/Studies, Human Resource Management, Industrial Relations",2
201,,,,,
202,,,,,
203,,,,,
204,,,,,
205,,,,,
206,,,,,
207,,,,,
208,,,,,
209,,,,,
210,,,,,
211,,,,,
212,,,,,
213,,,,,
214,,,,,
215,,,,,
216,,,,,
217,,,,,
218,,,,,
219,,,,,
220,,,,,
221,,,,,
222,,,,,
223,,,,,
224,,,,,
225,,,,,
226,,,,,
227,,,,,
228,,,,,
229,,,,,
230,,,,,
231,,,,,
232,,,,,
233,,,,,
234,,,,,
235,0515-0361,0515-0361,Astin Bulletin,Finance & Accounting,2
236,,,,,
237,,,,,
238,,,,,
239,,,,,
240,0278-0380,0278-0380,Auditing,Finance & Accounting,3
241,,,,,
242,,,,,
243,,,,,
244,,,,,
245,1449-8618,1449-8618,Australasian Journal of Information Systems,"Management Information Systems, Knowledge Management",1
246,,,,,
247,,,,,
248,,,,,
249,1441-3582,1441-3582,Australasian Marketing Journal,Marketing,1
250,1035-6908,1035-6908,Australian Accounting Review,Finance & Accounting,2
251,,,,,
252,,,,,
253,,,,,
254,,,,,
255,,,,,
256,0004-8992,0004-8992,Australian Economic History Review,Business History,2
257,0004-900X,0004-900X,Australian Economic Papers,Economics,1
258,,,,,
259,,,,,
260,,,,,
261,,,,,
262,,,,,
263,,,,,
264,,,,,
265,,,,,
266,,,,,
267,,,,,
268,,,,,
269,,,,,
270,0312-8962,0312-8962,Australian Journal of Management,General & Strategy,2
271,,,,,
272,0313-6647,0313-6647,Australian Journal of Public Administration,Public Sector Management,2
273,,,,,
274,,,,,
275,,,,,
276,,,,,
277,,,,,
278,,,,,
279,,,,,
280,,,,,
281,,,,,
282,,,,,
283,,,,,
284,,,,,
285,,,,,
286,,,,,
287,,,,,
288,1050-4753,1050-4753,Behavioral Research in Accounting,Finance & Accounting,3
289,0144-929X,0144-929X,Behaviour and Information Technology,"Management Information Systems, Knowledge Management",2
290,,,,,
291,,,,,
292,,,,,
293,,,,,
294,,,,,
295,,,,,
296,,,,,
297,,,,,
298,0006-3444,0006-3444,Biometrika,"Operations Research, Management Science, Production & Operations Management",4
299,,,,,
300,,,,,
301,,,,,
302,,,,,
303,,,,,
304,,,,,
305,,,,,
306,,,,,
307,0890-8389,0890-8389,British Accounting Review,Finance & Accounting,3
308,,,,,
309,,,,,
310,0007-1013,0007-1013,British Journal of Educational Technology,Education,2
311,,,,,
312,0007-1080,0007-1080,British Journal of Industrial Relations,"Organization Behavior/Studies, Human Resource Management, Industrial Relations",4
313,1045-3172,1045-3172,British Journal of Management,General & Strategy,4
314,,,,,
315,0007-1234,0007-1234,British Journal of Political Science,Public Sector Management,
316,0144-6665,0144-6665,British Journal of Social Psychology,Psychology,3
317,0007-1315,0007-1315,British Journal of Sociology,Sociology,3
318,,,,,
319,0007-2303,0007-2303,Brookings Papers on Economic Activity,Economics,3
320,,,,,
321,,,,,
322,,,,,
323,,,,,
324,,,,,
325,,,,,
326,0307-3378,0307-3378,Bulletin of Economic Research,Economics,2
327,0007-4918,0007-4918,Bulletin of Indonesian Economic Studies,Economics,1
328,,,,,
329,,,,,
330,,,,,
331,,,,,
332,,,,,
333,,,,,
334,,,,,
335,,,,,
336,,,,,
337,0007-6503,0007-6503,Business and Society,General & Strategy,3
338,,,,,
339,,,,,
340,,,,,
341,,,,,
342,1052-150X,1052-150X,Business Ethics Quarterly,"Organization Behavior/Studies, Human Resource Management, Industrial Relations",3
343,0962-8770,0962-8770,"Business Ethics, the Environment & Reponsibility","Organization Behavior/Studies, Human Resource Management, Industrial Relations",2
344,0007-6791,0007-6791,Business History,Business History,4
345,0007-6805,0007-6805,Business History Review,Business History,4
346,0007-6813,0007-6813,Business Horizons,General & Strategy,2
347,,,,,
348,,,,,
349,,,,,
350,1463-7154,1463-7154,Business Process Management Journal,"Operations Research, Management Science, Production & Operations Management",2
351,,,,,
352,0964-4733,0964-4733,Business Strategy and the Environment,General & Strategy,3
353,,,,,
354,,,,,
355,0008-1256,0008-1256,California Management Review,General & Strategy,3
356,0309-166X,0309-166X,Cambridge Journal of Economics,Economics,3
357,,,,,
358,,,,,
359,,,,,
360,,,,,
361,0825-0383,0825-0383,Canadian Journal of Administrative Sciences,Multidisciplinary,2
362,,,,,
363,,,,,
364,0008-4085,0008-4085,Canadian Journal of Economics,Economics,3
365,,,,,
366,,,,,
367,,,,,
368,,,,,
369,,,,,
370,,,,,
371,0309-8168,0309-8168,Capital and Class,Sociology,2
372,,,,,
373,,,,,
374,,,,,
375,,,,,
376,1362-0436,1362-0436,Career Development International,"Organization Behavior/Studies, Human Resource Management, Industrial Relations",2
377,,,,,
378,,,,,
379,,,,,
380,,,,,
381,,,,,
382,,,,,
383,,,,,
384,,,,,
385,,,,,
386,,,,,
387,,,,,
388,,,,,
389,,,,,
390,1043-951X,1043-951X,China Economic Review,Economics,2
391,,,,,
392,,,,,
393,,,,,
394,,,,,
395,,,,,
396,,,,,
397,,,,,
398,,,,,
399,,,,,
400,,,,,
401,,,,,
402,,,,,
403,,,,,
404,,,,,
405,,,,,
406,,,,,
407,,,,,
408,,,,,
409,,,,,
410,,,,,
411,,,,,
412,,,,,
413,,,,,
414,,,,,
415,,,,,
416,,,,,
417,,,,,
418,0093-6502,0093-6502,Communication Research,Communication,
419,,,,,
420,1050-3293,1050-3293,Communication Theory,Communication,
421,,,,,
422,,,,,
423,,,,,
424,1529-3181,1529-3181,Communications of the Association for Information,"Management Information Systems, Knowledge Management",2
425,,,,,
426,,,,,
427,,,,,
428,,,,,
429,,,,,
430,,,,,
431,,,,,
432,,,,,
433,,,,,
434,1024-5294,1024-5294,Competition and Change,Sociology,2
435,,,,,
436,,,,,
437,,,,,
438,,,,,
439,1262-2788,1262-2788,Comptabilité - Contrôle - Audit,Finance & Accounting,
440,,,,,
441,,,,,
442,,,,,
443,,,,,
444,,,,,
445,,,,,
446,0360-8352,0360-8352,Computers and Industrial Engineering,"Operations Research, Management Science, Production & Operations Management",2
447,0305-0548,0305-0548,Computers and Operations Research,"Operations Research, Management Science, Production & Operations Management",3
448,0747-5632,0747-5632,Computers in Human Behavior,"Management Information Systems, Knowledge Management",2
449,,,,,
450,,,,,
451,,,,,
452,,,,,
453,,,,,
454,,,,,
455,,,,,
456,,,,,
457,,,,,
458,,,,,
459,0823-9150,0823-9150,Contemporary Accounting Research,Finance & Accounting,4
460,,,,,
461,,,,,
462,,,,,
463,,,,,
464,,,,,
465,,,,,
466,,,,,
467,,,,,
468,,,,,
469,,,,,
470,,,,,
471,,,,,
472,,,,,
473,1472-0701,1472-0701,Corporate Governance: The International Journal of Busin,General & Strategy,2
474,,,,,
475,0964-8410,0964-8410,Corporate Governance: An International Review,International Business,3
476,,,,,
477,,,,,
478,,,,,
479,,,,,
480,,,,,
481,0963-1690,0963-1690,Creativity and Innovation Management,Innovation,2
482,,,,,
483,,,,,
484,,,,,
485,,,,,
486,2164-5744,2164-5744,Critical Finance Review,Finance & Accounting,1
487,1045-2354,1045-2354,Critical Perspectives on Accounting,Finance & Accounting,3
488,1742-2043,1742-2043,Critical Perspectives on International Business,International Business,2
489,,,,,
490,2059-5794,2059-5794,Cross Cultural and Strategic Management,"Organization Behavior/Studies, Human Resource Management, Industrial Relations",2
491,,,,,
492,,,,,
493,1475-9551,1475-9551,Culture and Organization,Sociology,2
494,,,,,
495,1368-3500,1368-3500,Current Issues in Tourism,Tourism,2
496,,,,,
497,,,,,
498,,,,,
499,,,,,
500,,,,,
501,,,,,
502,,,,,
503,,,,,
504,,,,,
505,,,,,
506,,,,,
507,,,,,
508,,,,,
509,0011-7315,0011-7315,Decision Sciences,"Operations Research, Management Science, Production & Operations Management",3
510,,,,,
511,0167-9236,0167-9236,Decision Support Systems,"Management Information Systems, Knowledge Management",3
512,,,,,
513,,,,,
514,,,,,
515,,,,,
516,,,,,
517,,,,,
518,0070-3370,0070-3370,Demography,Economics,
519,,,,,
520,,,,,
521,,,,,
522,,,,,
523,0012-155X,0012-155X,Development and Change,Sociology,3
524,,,,,
525,,,,,
526,,,,,
527,,,,,
528,,,,,
529,,,,,
530,,,,,
531,,,,,
532,,,,,
533,,,,,
534,,,,,
535,,,,,
536,,,,,
537,,,,,
538,,,,,
539,,,,,
540,,,,,
541,,,,,
542,0921-8009,0921-8009,Ecological Economics,Economics,3
543,,,,,
544,,,,,
545,0747-4938,0747-4938,Econometric Reviews,Economics,3
546,0266-4666,0266-4666,Econometric Theory,Economics,4
547,0012-9682,0012-9682,Econometrica,Economics,4*
548,,,,,
549,,,,,
550,1368-4221,1368-4221,Econometrics Journal,Economics,3
551,,,,,
552,,,,,
553,,,,,
554,,,,,
555,,,,,
556,,,,,
557,0143-831X,0143-831X,Economic and Industrial Democracy,Economics,3
558,,,,,
559,,,,,
560,,,,,
561,1573-9414,1573-9414,Economic Change and Restructuring,Economics,1
562,,,,,
563,0013-0079,0013-0079,Economic Development and Cultural Change,Sociology,3
564,0891-2424,0891-2424,Economic Development Quarterly,Public Sector Management,
565,0013-0095,0013-0095,Economic Geography,Economics,4
566,,,,,
567,0095-2583,0095-2583,Economic Inquiry,Economics,3
568,,,,,
569,0264-9993,0264-9993,Economic Modelling,Economics,2
570,,,,,
571,,,,,
572,,,,,
573,0266-4658,0266-4658,Economic Policy,Economics,3
574,,,,,
575,,,,,
576,,,,,
577,,,,,
578,,,,,
579,,,,,
580,0938-2259,0938-2259,Economic Theory,Economics,3
581,,,,,
582,,,,,
583,0013-0427,0013-0427,Economica,Economics,3
584,0954-1985,0954-1985,Economics and Politics,Economics,2
585,,,,,
586,,,,,
587,,,,,
588,,,,,
589,0266-2671,0266-2671,Economics and Philosophy,Economics,2
590,,,,,
591,,,,,
592,0165-1765,0165-1765,Economics Letters,Economics,3
593,,,,,
594,0272-7757,0272-7757,Economics of Education Review,Education,2
595,,,,,
596,,,,,
597,1043-8599,1043-8599,Economics of Innovation and New Technology,Entrepreneurship,2
598,,,,,
599,,,,,
600,,,,,
601,,,,,
602,,,,,
603,,,,,
604,0308-5147,0308-5147,Economy and Society,Economics,3
605,,,,,
606,,,,,
607,,,,,
608,,,,,
609,,,,,
610,,,,,
611,,,,,
612,1389-5753,1389-5753,Electronic Commerce Research,"Management Information Systems, Knowledge Management",2
613,1567-4223,1567-4223,Electronic Commerce Research and Applications,"Management Information Systems, Knowledge Management",2
614,,,,,
615,,,,,
616,,,,,
617,,,,,
618,,,,,
619,1019-6781,1019-6781,Electronic Markets,"Management Information Systems, Knowledge Management",2
620,,,,,
621,1566-0141,1566-0141,Emerging Markets Review,Finance & Accounting,2
622,,,,,
623,0377-7332,0377-7332,Empirical Economics,Economics,2
624,,,,,
625,0142-5455,0142-5455,Employee Relations,"Organization Behavior/Studies, Human Resource Management, Industrial Relations",2
626,,,,,
627,,,,,
628,,,,,
629,0140-9883,0140-9883,Energy Economics,Economics,3
630,0195-6574,0195-6574,Energy Journal,Economics,3
631,0301-4215,0301-4215,Energy Policy,Economics,2
632,,,,,
633,,,,,
634,,,,,
635,,,,,
636,,,,,
637,,,,,
638,,,,,
639,,,,,
640,1467-2227,1467-2227,Enterprise and Society,Business History,3
641,,,,,
642,,,,,
643,,,,,
644,,,,,
645,,,,,
646,0898-5626,0898-5626,Entrepreneurship and Regional Development,Entrepreneurship,3
647,,,,,
648,1042-2587,1042-2587,Entrepreneurship Theory and Practice,Entrepreneurship,4*
649,,,,,
650,0308-518X,0308-518X,Environment and Planning A,Public Sector Management,3
651,0265-8135,0265-8135,Environment and Planning B: Planning and Design,Public Sector Management,
652,,2399-6544,Environment and Planning C: Politics and Space,Public Sector Management,3
653,0263-7758,0263-7758,Environment and Planning D: Society and Space,Public Sector Management,4
654,,,,,
655,,,,,
656,,,,,
657,0924-6460,0924-6460,Environmental and Resource Economics,Economics,3
658,,,,,
659,,,,,
660,,,,,
661,,,,,
662,,,,,
663,,,,,
664,2040-7157,2040-7157,"Equality, Diversity, and Inclusion: An International Review","Organization Behavior/Studies, Human Resource Management, Industrial Relations",1
665,,,,,
666,,,,,
667,,,,,
668,,,,,
669,,,,,
670,,,,,
671,,,,,
672,,,,,
673,,,,,
674,,,,,
675,,,,,
676,,,,,
677,,,,,
678,,,,,
679,,,,,
680,0966-8136,0966-8136,Europe-Asia Studies,International Business,2
681,,,,,
682,,,,,
683,,,,,
684,0955-534X,0955-534X,European Business Review,General & Strategy,2
685,,,,,
686,,,,,
687,,,,,
688,0014-2921,0014-2921,European Economic Review,Economics,3
689,1354-7798,1354-7798,European Financial Management,Finance & Accounting,3
690,,,,,
691,,,,,
692,,,,,
693,,,,,
694,,,,,
695,,,,,
696,1618-7598,1618-7598,European Journal of Health Economics,Economics,2
697,0959-6801,0959-6801,European Journal of Industrial Relations,"Organization Behavior/Studies, Human Resource Management, Industrial Relations",3
698,0960-085X,0960-085X,European Journal of Information Systems,"Management Information Systems, Knowledge Management",4
699,1460-1060,1460-1060,European Journal of Innovation Management,Innovation,1
700,,,,,
701,1751-6757,1751-6757,European Journal of International Management,International Business,2
702,,,,,
703,,,,,
704,,,,,
705,,,,,
706,0309-0566,0309-0566,European Journal of Marketing,Marketing,3
707,0377-2217,0377-2217,European Journal of Operational Research,"Operations Research, Management Science, Production & Operations Management",4
708,0890-2070,0890-2070,European Journal of Personality,Psychology,
709,0176-2680,0176-2680,European Journal of Political Economy,Economics,2
710,0304-4130,0304-4130,European Journal of Political Research,Sociology,
711,,,,,
712,,,,,
713,,,,,
714,0046-2772,0046-2772,European Journal of Social Psychology,Psychology,3
715,0967-2567,0967-2567,European Journal of the History of Economic Thought,Economics,2
716,,,,,
717,,,,,
718,,,,,
719,1359-432X,1359-432X,European Journal of Work and Organizational Psychology,"Organization Behavior/Studies, Human Resource Management, Industrial Relations",3
720,,,,,
721,,,,,
722,0263-2373,0263-2373,European Management Journal,General & Strategy,2
723,1740-4754,1740-4754,European Management Review,General & Strategy,3
724,,,,,
725,0165-1587,0165-1587,European Review of Agricultural Economics,Economics,3
726,1361-4916,1361-4916,European Review of Economic History,Economics,3
727,,,,,
728,,,,,
729,,,,,
730,,,,,
731,,,,,
732,1356-3890,1356-3890,Evaluation,Public Sector Management,2
733,,,,,
734,,,,,
735,,,,,
736,1386-4157,1386-4157,Experimental Economics,Economics,3
737,,,,,
738,0014-4983,0014-4983,Explorations in Economic History,Economics,3
739,,,,,
740,,,,,
741,,,,,
742,0894-4865,0894-4865,Family Business Review,"Organization Behavior/Studies, Human Resource Management, Industrial Relations",3
743,,,,,
744,,,,,
745,,,,,
746,,,,,
747,,,,,
748,0949-2984,0949-2984,Finance and Stochastics,Finance & Accounting,3
749,,,,,
750,1544-6123,1544-6123,Finance Research Letters,Finance & Accounting,2
751,0267-4424,0267-4424,Financial Accountability and Management,Finance & Accounting,3
752,0015-198X,0015-198X,Financial Analysts Journal,Finance & Accounting,3
753,,,,,
754,,,,,
755,0046-3892,0046-3892,Financial Management,Finance & Accounting,3
756,1934-4554,1934-4554,Financial Markets and Portfolio Management,Finance & Accounting,2
757,0963-8008,0963-8008,"Financial Markets, Institutions and Instruments",Finance & Accounting,3
758,,,,,
759,,,,,
760,,,,,
761,0732-8516,0732-8516,Financial Review,Finance & Accounting,3
762,,,,,
763,,,,,
764,,,,,
765,,,,,
766,,,,,
767,0143-5671,0143-5671,Fiscal Studies,Finance & Accounting,2
768,1936-6582,1936-6582,Flexible Services and Manufacturing Journal,"Operations Research, Management Science, Production & Operations Management",1
769,,,,,
770,0950-3293,0950-3293,Food Quality and Preference,Marketing,
771,,,,,
772,,,,,
773,,,,,
774,,,,,
775,,,,,
776,,,,,
777,,,,,
778,,,,,
779,,,,,
780,,,,,
781,,,,,
782,,,,,
783,,,,,
784,,,,,
785,,,,,
786,0016-3287,0016-3287,Futures,Innovation,2
787,,,,,
788,,,,,
789,,,,,
790,0899-8256,0899-8256,Games and Economic Behavior,Economics,3
791,0891-2432,0891-2432,Gender and Society,Public Sector Management,3
792,,,,,
793,0968-6673,0968-6673,"Gender, Work and Organization","Organization Behavior/Studies, Human Resource Management, Industrial Relations",3
794,1465-6485,1465-6485,German Economic Review,Economics,2
795,,,,,
796,2397-0022,2397-0022,German Journal of Human Resource Management,HRM/IR,2
797,,,,,
798,,,,,
799,,,,,
800,,,,,
801,,,,,
802,,,,,
803,,,,,
804,1044-0283,1044-0283,Global Finance Journal,Finance & Accounting,2
805,,,,,
806,,,,,
807,,,,,
808,,,,,
809,,,,,
810,2042-5791,2042-5791,Global Strategy Journal,General & Strategy,4
811,,,,,
812,,,,,
813,,,,,
814,1059-6011,1059-6011,Group and Organization Management,"Organization Behavior/Studies, Human Resource Management, Industrial Relations",3
815,0926-2644,0926-2644,Group Decision and Negotiation,General & Strategy,2
816,1089-2699,1089-2699,Group Dynamics,General & Strategy,2
817,,,,,
818,0017-4815,0017-4815,Growth and Change,Sociology,2
819,,,,,
820,0017-8012,0017-8012,Harvard Business Review,General & Strategy,3
821,,,,,
822,,,,,
823,,,,,
824,,,,,
825,,,,,
826,,,,,
827,,,,,
828,1386-9620,1386-9620,Health Care Management Science,"Management Information Systems, Knowledge Management",2
829,,,,,
830,1057-9230,1057-9230,Health Economics (United Kingdom),Economics,3
831,,,,,
832,,,,,
833,,,,,
834,,,,,
835,0168-8510,0168-8510,Health Policy,Economics,2
836,,,,,
837,0951-4848,0951-4848,Health Services Management Research,Public Sector Management,1
838,,,,,
839,,,,,
840,0951-5224,0951-5224,Higher Education Quarterly,Public Sector Management,2
841,,,,,
842,,,,,
843,,,,,
844,,,,,
845,,,,,
846,,,,,
847,0018-2702,0018-2702,History of Political Economy,Economics,2
848,,,,,
849,,,,,
850,,,,,
851,,,,,
852,,,,,
853,,,,,
854,,,,,
855,0895-9285,0895-9285,Human Performance,"Organization Behavior/Studies, Human Resource Management, Industrial Relations",3
856,0018-7267,0018-7267,Human Relations,"Organization Behavior/Studies, Human Resource Management, Industrial Relations",4
857,,,,,
858,1044-8004,1044-8004,Human Resource Development Quarterly,"Organization Behavior/Studies, Human Resource Management, Industrial Relations",2
859,,,,,
860,0090-4848,0090-4848,Human Resource Management,"Organization Behavior/Studies, Human Resource Management, Industrial Relations",4
861,,,,,
862,0954-5395,0954-5395,Human Resource Management Journal,"Organization Behavior/Studies, Human Resource Management, Industrial Relations",4*
863,1053-4822,1053-4822,Human Resource Management Review,"Organization Behavior/Studies, Human Resource Management, Industrial Relations",3
864,,,,,
865,0737-0024,0737-0024,Human-Computer Interaction,"Management Information Systems, Knowledge Management",1
866,,,,,
867,,,,,
868,0018-9391,0018-9391,IEEE Transactions on Engineering Management,"Operations Research, Management Science, Production & Operations Management",3
869,1524-9050,1524-9050,IEEE Transactions on Intelligent Transportation Systems,"Operations Research, Management Science, Production & Operations Management",
870,,,,,
871,,,,,
872,,,,,
873,,,,,
874,,2472-5854,IISE Transactions,Operations Research & Management Science,3
875,0019-7939,0019-7939,ILR Review,"Organization Behavior/Studies, Human Resource Management, Industrial Relations",3
876,,,,,
877,2041-4161,2041-4161,IMF Economic Review,Economics,3
878,,,,,
879,,,,,
880,,,,,
881,,,,,
882,,,,,
883,,,,,
884,,,,,
885,,,,,
886,,,,,
887,,,,,
888,,,,,
889,,,,,
890,0960-6491,0960-6491,Industrial and Corporate Change,Economics,3
891,,,,,
892,,,,,
893,0263-5577,0263-5577,Industrial Management and Data Systems,"Operations Research, Management Science, Production & Operations Management",2
894,0019-8501,0019-8501,Industrial Marketing Management,Marketing,3
895,0019-8692,0019-8692,Industrial Relations Journal,"Organization Behavior/Studies, Human Resource Management, Industrial Relations",3
896,0019-8676,0019-8676,Industrial Relations,"Organization Behavior/Studies, Human Resource Management, Industrial Relations",4
897,,,,,
898,1366-2716,1366-2716,Industry and Innovation,Innovation,3
899,,,,,
900,,,,,
901,0378-7206,0378-7206,Information and Management,"Management Information Systems, Knowledge Management",3
902,,,,,
903,,,,,
904,,,,,
905,1471-7727,1471-7727,Information and Organization,Finance & Accounting,3
906,,,,,
907,0167-6245,0167-6245,Information Economics and Policy,Economics,2
908,,,,,
909,,,,,
910,,,,,
911,1387-3326,1387-3326,Information Systems Frontiers,"Management Information Systems, Knowledge Management",3
912,1350-1917,1350-1917,Information Systems Journal,"Management Information Systems, Knowledge Management",4
913,1058-0530,1058-0530,Information Systems Management,"Management Information Systems, Knowledge Management",2
914,1047-7047,1047-7047,Information Systems Research,"Management Information Systems, Knowledge Management",4*
915,0959-3845,0959-3845,Information Technology and People,"Management Information Systems, Knowledge Management",3
916,,,,,
917,1385-951X,1385-951X,Information Technology and Management,"Management Information Systems, Knowledge Management",1
918,,,,,
919,,,,,
920,,2644-0865,INFORMS Journal on Applied Analytics (formerly Interfaces),"Operations Research, Management Science, Production & Operations Management",2
921,1091-9856,1091-9856,INFORMS Journal on Computing,"Operations Research, Management Science, Production & Operations Management",3
922,,,,,
923,,,,,
924,,,,,
925,,,,,
926,,,,,
927,,,,,
928,,,,,
929,,,,,
930,,,,,
931,0167-6687,0167-6687,Insurance: Mathematics and Economics,"Management Information Systems, Knowledge Management",3
932,,,,,
933,,,,,
934,,,,,
935,,,,,
936,,,,,
937,,,,,
938,,,,,
939,,,,,
940,,,,,
941,,,,,
942,,,,,
943,,,,,
944,0969-5931,0969-5931,International Business Review,International Business,3
945,,,,,
946,,,,,
947,,,,,
948,,,,,
949,0020-6598,0020-6598,International Economic Review,Economics,4
950,,,,,
951,,,,,
952,,,,,
953,,,,,
954,,,,,
955,,,,,
956,,,,,
957,,,,,
958,,,,,
959,,,,,
960,,,,,
961,,,,,
962,,,,,
963,,,,,
964,,,,,
965,0265-0487,0265-0487,International Journal of Advertising,Marketing,2
966,,,,,
967,,,,,
968,,,,,
969,,,,,
970,,,,,
971,,,,,
972,,,,,
973,1090-6738,1090-6738,International Journal of Auditing,Finance & Accounting,2
974,,,,,
975,,,,,
976,0265-2323,0265-2323,International Journal of Bank Marketing,Marketing,1
977,,,,,
978,,,,,
979,,,,,
980,,,,,
981,,,,,
982,,,,,
983,,,,,
984,,,,,
985,,,,,
986,,,,,
987,,,,,
988,,,,,
989,1815-4654,1815-4654,International Journal of Central Banking,Economics,3
990,,,,,
991,1044-4068,1044-4068,International Journal of Conflict Management,General & Strategy,2
992,,,,,
993,1470-6423,1470-6423,International Journal of Consumer Studies,Marketing,2
994,0959-6119,0959-6119,International Journal of Contemporary Hospitality Manage,Tourism,3
995,,,,,
996,,,,,
997,1470-5958,1470-5958,International Journal of Cross Cultural Management,"Organization Behavior/Studies, Human Resource Management, Industrial Relations",1
998,,,,,
999,,,,,
1000,,,,,
1001,,,,,
1002,,,,,
1003,,,,,
1004,,,,,
1005,,,,,
1006,,,,,
1007,,,,,
1008,,,,,
1009,,,,,
1010,,,,,
1011,,,,,
1012,,,,,
1013,,,,,
1014,1086-4415,1086-4415,International Journal of Electronic Commerce,"Management Information Systems, Knowledge Management",3
1015,,,,,
1016,,,,,
1017,,,,,
1018,,,,,
1019,,,,,
1020,,,,,
1021,,,,,
1022,,,,,
1023,,,,,
1024,,,,,
1025,,,,,
1026,1355-2554,1355-2554,International Journal of Entrepreneurial Behaviour and Re,Entrepreneurship,3
1027,1465-7503,1465-7503,International Journal of Entrepreneurship and Innovation,Entrepreneurship,2
1028,,,,,
1029,,,,,
1030,,,,,
1031,1076-9307,1076-9307,International Journal of Finance and Economics,Finance & Accounting,3
1032,,,,,
1033,,,,,
1034,,,,,
1035,0169-2070,0169-2070,International Journal of Forecasting,Economics,3
1036,0020-7276,0020-7276,International Journal of Game Theory,Economics,2
1037,,,,,
1038,,,,,
1039,,,,,
1040,,,,,
1041,,,,,
1042,,,,,
1043,,,,,
1044,,,,,
1045,,,,,
1046,,,,,
1047,,,,,
1048,,,,,
1049,,,,,
1050,0278-4319,0278-4319,International Journal of Hospitality Management,Tourism,3
1051,,,,,
1052,,,,,
1053,0958-5192,0958-5192,International Journal of Human Resource Management,Organization Behavior/Studies,3
1054,,,,,
1055,1071-5819,1071-5819,International Journal of Human Computer Studies,"Operations Research, Management Science, Production & Operations Management",2
1056,0167-7187,0167-7187,International Journal of Industrial Organization,"Organization Behavior/Studies, Human Resource Management, Industrial Relations",3
1057,,,,,
1058,,,,,
1059,0268-4012,0268-4012,International Journal of Information Management,"Management Information Systems, Knowledge Management",2
1060,,,,,
1061,,,,,
1062,,,,,
1063,,,,,
1064,,,,,
1065,,,,,
1066,,,,,
1067,,,,,
1068,,,,,
1069,0147-1767,0147-1767,International Journal of Intercultural Relations,"Organization Behavior/Studies, Human Resource Management, Industrial Relations",1
1070,,,,,
1071,,,,,
1072,,,,,
1073,,,,,
1074,,,,,
1075,,,,,
1076,,,,,
1077,,,,,
1078,,,,,
1079,,,,,
1080,,,,,
1081,1367-5567,1367-5567,International Journal of Logistics Research and Application,"Operations Research, Management Science, Production & Operations Management",1
1082,,,,,
1083,,,,,
1084,1460-8545,1460-8545,International Journal of Management Reviews,General & Strategy,3
1085,,,,,
1086,,,,,
1087,1743-9132,1743-9132,International Journal of Managerial Finance,Finance & Accounting,2
1088,,,,,
1089,0143-7720,0143-7720,International Journal of Manpower,"Organization Behavior/Studies, Human Resource Management, Industrial Relations",2
1090,1470-7853,1470-7853,International Journal of Market Research,Marketing,2
1091,,,,,
1092,0144-3577,0144-3577,International Journal of Operations and Production Manag,"Operations Research, Management Science, Production & Operations Management",4
1093,,,,,
1094,,,,,
1095,,,,,
1096,,,,,
1097,0960-0035,0960-0035,International Journal of Physical Distribution and Logistics,"Operations Research, Management Science, Production & Operations Management",2
1098,,,,,
1099,,,,,
1100,0925-5273,0925-5273,International Journal of Production Economics,"Operations Research, Management Science, Production & Operations Management",3
1101,0020-7543,0020-7543,International Journal of Production Research,"Operations Research, Management Science, Production & Operations Management",3
1102,,,,,
1103,0263-7863,0263-7863,International Journal of Project Management,"Operations Research, Management Science, Production & Operations Management",2
1104,0190-0692,0190-0692,International Journal of Public Administration,Public Sector Management,2
1105,1471-6909,1471-6909,International Journal of Public Opinion Research,Marketing,
1106,0951-3558,0951-3558,International Journal of Public Sector Management,Public Sector Management,1
1107,0265-671X,0265-671X,International Journal of Quality and Reliability Managemen,"Operations Research, Management Science, Production & Operations Management",2
1108,,,,,
1109,0167-8116,0167-8116,International Journal of Research in Marketing,Marketing,4
1110,0959-0552,0959-0552,International Journal of Retail and Distribution Manageme,Marketing,2
1111,,,,,
1112,,,,,
1113,0965-075X,0965-075X,International Journal of Selection and Assessment,"Organization Behavior/Studies, Human Resource Management, Industrial Relations",2
1114,,,,,
1115,,,,,
1116,0306-8293,0306-8293,International Journal of Social Economics,Economics,1
1117,,,,,
1118,,,,,
1119,,,,,
1120,,,,,
1121,,,,,
1122,,,,,
1123,,,,,
1124,,,,,
1125,,,,,
1126,,,,,
1127,,,,,
1128,,,,,
1129,,,,,
1130,1072-5245,1072-5245,International Journal of Stress Management,"Psychology, Organization Behavior/Studies",2
1131,,,,,
1132,,,,,
1133,,,,,
1134,,,,,
1135,,,,,
1136,0267-5730,0267-5730,International Journal of Technology Management,Innovation,2
1137,,,,,
1138,,,,,
1139,,,,,
1140,1357-1516,1357-1516,International Journal of the Economics of Business,Economics,2
1141,0219-0249,0219-0249,International Journal of Theoretical and Applied Finance,Finance & Accounting,2
1142,,,,,
1143,,,,,
1144,1099-2340,1099-2340,International Journal of Tourism Research,Tourism,2
1145,,,,,
1146,1360-3736,1360-3736,International Journal of Training and Development,"Organization Behavior/Studies, Human Resource Management, Industrial Relations",2
1147,,,,,
1148,0309-1317,0309-1317,International Journal of Urban and Regional Research,Sociology,2
1149,,,,,
1150,,,,,
1151,,,,,
1152,,,,,
1153,,,,,
1154,,,,,
1155,0020-7780,0020-7780,International Labour Review,"Organization Behavior/Studies, Human Resource Management, Industrial Relations",2
1156,0265-1335,0265-1335,International Marketing Review,Marketing,3
1157,,,,,
1158,,,,,
1159,1382-340X,1382-340X,International Negotiation,"Organization Behavior/Studies, Human Resource Management, Industrial Relations",1
1160,0020-8183,0020-8183,International Organization,Economics,4
1161,,,,,
1162,,,,,
1163,,,,,
1164,0160-0176,0160-0176,International Regional Science Review,Economics,
1165,,,,,
1166,0020-8523,0020-8523,International Review of Administrative Sciences,Public Sector Management,3
1167,0269-2171,0269-2171,International Review of Applied Economics,Economics,1
1168,,,,,
1169,1059-0560,1059-0560,International Review of Economics and Finance,Economics,2
1170,,,,,
1171,,,,,
1172,1369-412X,1369-412X,International Review of Finance,Finance & Accounting,
1173,1057-5219,1057-5219,International Review of Financial Analysis,Finance & Accounting,3
1174,,,,,
1175,0144-8188,0144-8188,International Review of Law and Economics,Economics,2
1176,,,,,
1177,1229-4659,1229-4659,International Review of Public Administration,Public Sector Management,1
1178,0959-3969,0959-3969,"International Review of Retail, Distribution and Consumer",Marketing,1
1179,,,,,
1180,0266-2426,0266-2426,International Small Business Journal,Entrepreneurship,3
1181,,,,,
1182,,,,,
1183,0020-8825,0020-8825,International Studies of Management and Organization,International Business,2
1184,0020-8833,0020-8833,International Studies Quarterly,Economics,4
1185,0927-5940,0927-5940,International Tax and Public Finance,Public Sector Management,2
1186,,,,,
1187,,,,,
1188,,,,,
1189,0969-6016,0969-6016,International Transactions in Operational Research,"Operations Research, Management Science, Production & Operations Management",1
1190,,,,,
1191,,,,,
1192,1066-2243,1066-2243,Internet Research,"Management Information Systems, Knowledge Management",3
1193,,,,,
1194,,,,,
1195,,,,,
1196,,,,,
1197,,,,,
1198,,,,,
1199,,,,,
1200,,,,,
1201,0739-3172,0739-3172,Issues in Accounting Education,Education,2
1202,,,,,
1203,,,,,
1204,,,,,
1205,,,,,
1206,,,,,
1207,,,,,
1208,,,,,
1209,,,,,
1210,,,,,
1211,,,,,
1212,,,,,
1213,,,,,
1214,,,,,
1215,,,,,
1216,,,,,
1217,,,,,
1218,,,,,
1219,,,,,
1220,,,,,
1221,0165-4101,0165-4101,Journal of Accounting and Economics,Finance & Accounting,4*
1222,,,,,
1223,,,,,
1224,0278-4254,0278-4254,Journal of Accounting and Public Policy,Finance & Accounting,3
1225,0148-558X,0148-558X,"Journal of Accounting, Auditing and Finance",Finance & Accounting,3
1226,0748-5751,0748-5751,Journal of Accounting Education,Education,2
1227,,,,,
1228,0737-4607,0737-4607,Journal of Accounting Literature,Finance & Accounting,3
1229,0021-8456,0021-8456,Journal of Accounting Research,Finance & Accounting,4*
1230,,,,,
1231,,,,,
1232,,,,,
1233,,,,,
1234,,,,,
1235,0091-3367,0091-3367,Journal of Advertising,Marketing,3
1236,,,,,
1237,0021-8499,0021-8499,Journal of Advertising Research,Marketing,3
1238,,,,,
1239,,,,,
1240,,,,,
1241,,,,,
1242,,,,,
1243,,,,,
1244,,,,,
1245,,,,,
1246,,,,,
1247,,,,,
1248,,,,,
1249,0967-5426,0967-5426,Journal of Applied Accounting Research,Finance & Accounting,2
1250,,,,,
1251,1078-1196,1078-1196,Journal of Applied Corporate Finance,Finance & Accounting,1
1252,0883-7252,0883-7252,Journal of Applied Econometrics,Economics,3
1253,,,,,
1254,,,,,
1255,,,,,
1256,,,,,
1257,,,,,
1258,,,,,
1259,0021-9010,0021-9010,Journal of Applied Psychology,Psychology,4*
1260,0021-9029,0021-9029,Journal of Applied Social Psychology,Psychology,2
1261,,,,,
1262,,,,,
1263,,,,,
1264,,,,,
1265,,,,,
1266,,,,,
1267,,,,,
1268,,,,,
1269,,,,,
1270,1049-0078,1049-0078,Journal of Asian Economics,Economics,1
1271,,,,,
1272,,,,,
1273,0378-4266,0378-4266,Journal of Banking and Finance,Finance & Accounting,3
1274,,,,,
1275,,,,,
1276,2214-8043,2214-8043,Journal of Behavioral and Experimental Economics,Economics,2
1277,,,,,
1278,0894-3257,0894-3257,Journal of Behavioral Decision Making,Psychology,3
1279,1542-7560,1542-7560,Journal of Behavioral Finance,Finance & Accounting,2
1280,,,,,
1281,,,,,
1282,,,,,
1283,1350-231X,1350-231X,Journal of Brand Management,Marketing,2
1284,0735-0015,0735-0015,Journal of Business and Economic Statistics,Economics,4
1285,,,,,
1286,0885-8624,0885-8624,Journal of Business and Industrial Marketing,Marketing,2
1287,,,,,
1288,,,,,
1289,,,,,
1290,,,,,
1291,0889-3268,0889-3268,Journal of Business and Psychology,"Organization Behavior/Studies, Human Resource Management, Industrial Relations",3
1292,,,,,
1293,,,,,
1294,,,,,
1295,0044-2372,0044-2372,Journal of Business Economics,General & Strategy,2
1296,,,,,
1297,0167-4544,0167-4544,Journal of Business Ethics,"Organization Behavior/Studies, Human Resource Management, Industrial Relations",3
1298,0306-686X,0306-686X,Journal of Business Finance and Accounting,Finance & Accounting,3
1299,,,,,
1300,0735-3766,0735-3766,Journal of Business Logistics,"Operations Research, Management Science, Production & Operations Management",3
1301,,,,,
1302,,,,,
1303,0148-2963,0148-2963,Journal of Business Research,Marketing,3
1304,0275-6668,0275-6668,Journal of Business Strategy,General & Strategy,1
1305,,,,,
1306,,,,,
1307,0883-9026,0883-9026,Journal of Business Venturing,Entrepreneurship,4*
1308,2352-6734,2352-6734,Journal of Business Venturing Insights,Entrepreneurship,2
1309,1051-712X,1051-712X,Journal of Business-to-Business Marketing,Marketing,1
1310,,,,,
1311,,,,,
1312,,,,,
1313,,,,,
1314,,,,,
1315,,,,,
1316,,,,,
1317,,,,,
1318,,,,,
1319,,,,,
1320,,,,,
1321,,,,,
1322,,,,,
1323,2405-8513,2405-8513,Journal of Commodity Markets,Finance & Accounting,3
1324,0021-9886,0021-9886,Journal of Common Market Studies,Economics,3
1325,0021-9916,0021-9916,Journal of Communication,Communication,
1326,,,,,
1327,,,,,
1328,0147-5967,0147-5967,Journal of Comparative Economics,Economics,3
1329,,,,,
1330,,,,,
1331,,,,,
1332,1061-8600,1061-8600,Journal of Computational and Graphical Statistics,Economics,3
1333,1460-1559,1460-1559,Journal of Computational Finance,Finance & Accounting,1
1334,0887-4417,0887-4417,Journal of Computer Information Systems,"Management Information Systems, Knowledge Management",2
1335,0022-0027,0022-0027,Journal of Conflict Resolution,"Organization Behavior/Studies, Human Resource Management, Industrial Relations",3
1336,,,,,
1337,,,,,
1338,,,,,
1339,0022-0078,0022-0078,Journal of Consumer Affairs,Marketing,1
1340,1472-0817,1472-0817,Journal of Consumer Behaviour,Marketing,2
1341,0736-3761,0736-3761,Journal of Consumer Marketing,Marketing,1
1342,,,,,
1343,1057-7408,1057-7408,Journal of Consumer Psychology,Marketing,4*
1344,0093-5301,0093-5301,Journal of Consumer Research,Marketing,4*
1345,,,,,
1346,1815-5669,1815-5669,Journal of Contemporary Accounting and Economics,Finance & Accounting,2
1347,,,,,
1348,,,,,
1349,,,,,
1350,,,,,
1351,0929-1199,0929-1199,Journal of Corporate Finance,Finance & Accounting,4
1352,,,,,
1353,,,,,
1354,,,,,
1355,,,,,
1356,,,,,
1357,,,,,
1358,,,,,
1359,0022-0221,0022-0221,Journal of Cross-Cultural Psychology,Psychology,3
1360,,,,,
1361,,,,,
1362,,,,,
1363,,,,,
1364,,,,,
1365,1063-8016,1063-8016,Journal of Database Management,"Management Information Systems, Knowledge Management",1
1366,,,,,
1367,,,,,
1368,,,,,
1369,,,,,
1370,2212-571X,2212-571X,Journal of Destination Marketing and Management,Marketing,1
1371,0304-3878,0304-3878,Journal of Development Economics,Economics,3
1372,0022-0388,0022-0388,Journal of Development Studies,Economics,3
1373,,,,,
1374,,,,,
1375,,,,,
1376,,,,,
1377,,,,,
1378,,,,,
1379,,,,,
1380,0304-4076,0304-4076,Journal of Econometrics,Economics,4
1381,,,,,
1382,,,,,
1383,,,,,
1384,0167-2681,0167-2681,Journal of Economic Behavior and Organization,Economics,3
1385,,,,,
1386,0165-1889,0165-1889,Journal of Economic Dynamics and Control,Economics,3
1387,1468-2702,1468-2702,Journal of Economic Geography,Economics,4
1388,1381-4338,1381-4338,Journal of Economic Growth,Economics,3
1389,,,,,
1390,,,,,
1391,,,,,
1392,0021-3624,0021-3624,Journal of Economic Issues,Economics,2
1393,journal of economic literature,0022-0515,Journal of Economic Literature,Economics,4
1394,1350-178X,1350-178X,Journal of Economic Methodology,Economics,2
1395,0895-3309,0895-3309,Journal of Economic Perspectives,Economics,4
1396,,,,,
1397,0167-4870,0167-4870,Journal of Economic Psychology,Economics,2
1398,,,,,
1399,,,,,
1400,,,,,
1401,0950-0804,0950-0804,Journal of Economic Surveys,Economics,2
1402,0022-0531,0022-0531,Journal of Economic Theory,Economics,4
1403,0931-8658,0931-8658,Journal of Economics/ Zeitschrift fur Nationalokonomie,Economics,2
1404,,,,,
1405,1058-6407,1058-6407,Journal of Economics and Management Strategy,Economics,2
1406,,,,,
1407,,,,,
1408,,,,,
1409,,,,,
1410,,,,,
1411,,,,,
1412,,,,,
1413,,,,,
1414,,,,,
1415,,,,,
1416,,,,,
1417,,,,,
1418,,,,,
1419,1938-9027,1938-9027,Journal of Electronic Commerce Research,"Management Information Systems, Knowledge Management",1
1420,,,,,
1421,,,,,
1422,0927-5398,0927-5398,Journal of Empirical Finance,Finance & Accounting,3
1423,,,,,
1424,,,,,
1425,,,,,
1426,,,,,
1427,0923-4748,0923-4748,Journal of Engineering and Technology Management - JE,Innovation,2
1428,,,,,
1429,1741-0398,1741-0398,Journal of Enterprise Information Management,"Management Information Systems, Knowledge Management",2
1430,,,,,
1431,,,,,
1432,,,,,
1433,,,,,
1434,0095-0696,0095-0696,Journal of Environmental Economics and Management,Economics,3
1435,,,,,
1436,,,,,
1437,0272-4944,0272-4944,Journal of Environmental Psychology,Psychology,3
1438,,,,,
1439,0391-5115,0391-5115,Journal of European Economic History,Economics,1
1440,1350-1763,1350-1763,Journal of European Public Policy,Public Sector Management,3
1441,,,,,
1442,0936-9937,0936-9937,Journal of Evolutionary Economics,Economics,2
1443,1076-898X,1076-898X,Journal of Experimental Psychology: Applied,Psychology,4
1444,0096-3445,0096-3445,Journal of Experimental Psychology: General,Psychology,4
1445,0278-7393,0278-7393,Journal of Experimental Psychology: Learning Memory and,Psychology,3
1446,0022-1031,0022-1031,Journal of Experimental Social Psychology,Psychology,4
1447,,,,,
1448,,,,,
1449,,,,,
1450,,,,,
1451,,,,,
1452,0022-1090,0022-1090,Journal of Financial and Quantitative Analysis,Finance & Accounting,4
1453,,,,,
1454,,,,,
1455,1479-8409,1479-8409,Journal of Financial Econometrics,Economics,3
1456,,,,,
1457,0304-405X,0304-405X,Journal of Financial Economics,Finance & Accounting,4*
1458,,,,,
1459,1042-9573,1042-9573,Journal of Financial Intermediation,Finance & Accounting,4
1460,,,,,
1461,,,,,
1462,,,,,
1463,1386-4181,1386-4181,Journal of Financial Markets,Finance & Accounting,3
1464,,,,,
1465,,,,,
1466,2380-2154,2380-2154,Journal of Financial Reporting,Finance & Accounting,3
1467,,,,,
1468,0270-2592,0270-2592,Journal of Financial Research,Finance & Accounting,3
1469,,,,,
1470,0920-8550,0920-8550,Journal of Financial Services Research,Finance & Accounting,3
1471,1572-3089,1572-3089,Journal of Financial Stability,Finance & Accounting,3
1472,,,,,
1473,,,,,
1474,,,,,
1475,0277-6693,0277-6693,Journal of Forecasting,General & Strategy,2
1476,,,,,
1477,,,,,
1478,,,,,
1479,,,,,
1480,,,,,
1481,0306-3070,0306-3070,Journal of General Management,General & Strategy,1
1482,,,,,
1483,,,,,
1484,,,,,
1485,1062-7375,1062-7375,Journal of Global Information Management,"Management Information Systems, Knowledge Management",2
1486,,,,,
1487,0891-1762,0891-1762,Journal of Global Marketing,Marketing,1
1488,2049-8799,2049-8799,Journal of Global Mobility,HRM/IR,2
1489,,,,,
1490,,,,,
1491,,,,,
1492,,,,,
1493,,,,,
1494,,,,,
1495,0167-6296,0167-6296,Journal of Health Economics,Economics,3
1496,,,,,
1497,,,,,
1498,,,,,
1499,,,,,
1500,,,,,
1501,,,,,
1502,,,,,
1503,,,,,
1504,,,,,
1505,,,,,
1506,1447-6770,1447-6770,Journal of Hospitality and Tourism Management,Tourism,2
1507,1096-3480,1096-3480,Journal of Hospitality and Tourism Research,Tourism,2
1508,,,,,
1509,1936-8623,1936-8623,Journal of Hospitality Marketing and Management,Tourism,1
1510,,,,,
1511,1051-1377,1051-1377,Journal of Housing Economics,Economics,2
1512,,,,,
1513,1932-8575,1932-8575,Journal of Human Capital,Economics,3
1514,,,,,
1515,0022-166X,0022-166X,Journal of Human Resources,"Organization Behavior/Studies, Human Resource Management, Industrial Relations",3
1516,,,,,
1517,,,,,
1518,,,,,
1519,,,,,
1520,,,,,
1521,,,,,
1522,,,,,
1523,,,,,
1524,,,,,
1525,0022-1856,0022-1856,Journal of Industrial Relations,"Organization Behavior/Studies, Human Resource Management, Industrial Relations",2
1526,,,,,
1527,,,,,
1528,,,,,
1529,0888-7985,0888-7985,Journal of Information Systems,Finance & Accounting,1
1530,,,,,
1531,,,,,
1532,0268-3962,0268-3962,Journal of Information Technology,"Management Information Systems, Knowledge Management",4
1533,,,,,
1534,,,,,
1535,,,,,
1536,,,,,
1537,,,,,
1538,0932-4569,0932-4569,Journal of Institutional and Theoretical Economics,Economics,2
1539,1744-1374,1744-1374,Journal of Institutional Economics,Economics,3
1540,,,,,
1541,,,,,
1542,,,,,
1543,,,,,
1544,,,,,
1545,,,,,
1546,,,,,
1547,1094-9968,1094-9968,Journal of Interactive Marketing,Marketing,3
1548,,,,,
1549,,,,,
1550,1542-6297,1542-6297,Journal of International Accounting Research,Finance & Accounting,2
1551,1061-9518,1061-9518,"Journal of International Accounting, Auditing and Taxation",Finance & Accounting,3
1552,,,,,
1553,,,,,
1554,,,,,
1555,,,,,
1556,2522-0705,2522-0705,Journal of International Business Policy,International Business,3
1557,0047-2506,0047-2506,Journal of International Business Studies,International Business,4*
1558,,,,,
1559,,,,,
1560,0954-1748,0954-1748,Journal of International Development,Economics,2
1561,,,,,
1562,,,,,
1563,0022-1996,0022-1996,Journal of International Economics,Economics,4
1564,,,,,
1565,,,,,
1566,0954-1314,0954-1314,Journal of International Financial Management and Accou,Finance & Accounting,2
1567,1042-4431,1042-4431,"Journal of International Financial Markets, Institutions and",Finance & Accounting,3
1568,,,,,
1569,1075-4253,1075-4253,Journal of International Management,International Business,3
1570,1069-031X,1069-031X,Journal of International Marketing,Marketing,3
1571,,,,,
1572,,,,,
1573,,,,,
1574,0261-5606,0261-5606,Journal of International Money and Finance,Finance & Accounting,3
1575,,,,,
1576,,,,,
1577,,,,,
1578,,,,,
1579,,,,,
1580,,,,,
1581,,,,,
1582,,,,,
1583,,,,,
1584,,,,,
1585,,,,,
1586,1367-3270,1367-3270,Journal of Knowledge Management,"Management Information Systems, Knowledge Management",2
1587,,,,,
1588,,,,,
1589,,,,,
1590,0734-306X,0734-306X,Journal of Labor Economics,Economics,4
1591,0195-3613,0195-3613,Journal of Labor Research,"Organization Behavior/Studies, Human Resource Management, Industrial Relations",2
1592,,,,,
1593,,,,,
1594,,,,,
1595,8756-6222,8756-6222,"Journal of Law, Economics, and Organization",Economics,3
1596,,,,,
1597,,,,,
1598,,,,,
1599,,,,,
1600,,,,,
1601,,,,,
1602,,,,,
1603,0164-0704,0164-0704,Journal of Macroeconomics,Economics,2
1604,0276-1467,0276-1467,Journal of Macromarketing,Marketing,2
1605,,,,,
1606,0149-2063,0149-2063,Journal of Management,General & Strategy,4*
1607,1833-3672,1833-3672,Journal of Management and Organization,General & Strategy,2
1608,1049-2127,1049-2127,Journal of Management Accounting Research,Finance & Accounting,2
1609,,,,,
1610,1385-3457,1385-3457,Journal of Management and Governance,General & Strategy,1
1611,2191-4761,2191-4761,Journal of Management Control,Finance & Accounting,2
1612,0262-1711,0262-1711,Journal of Management Development,"Organization Behavior/Studies, Human Resource Management, Industrial Relations",1
1613,1052-5629,1052-5629,Journal of Management Education,Education,2
1614,1751-1348,1751-1348,Journal of Management History,General & Strategy,1
1615,,,,,
1616,0742-1222,0742-1222,Journal of Management Information Systems,"Management Information Systems, Knowledge Management",4
1617,1056-4926,1056-4926,Journal of Management Inquiry,General & Strategy,3
1618,,,,,
1619,0022-2380,0022-2380,Journal of Management Studies,General & Strategy,4
1620,,,,,
1621,0268-3946,0268-3946,Journal of Managerial Psychology,"Organization Behavior/Studies, Human Resource Management, Industrial Relations",3
1622,0278-6125,0278-6125,Journal of Manufacturing Systems,"Operations Research, Management Science, Production & Operations Management",1
1623,1741-038X,1741-038X,Journal of Manufacturing Technology Management,"Operations Research, Management Science, Production & Operations Management",1
1624,,,,,
1625,0022-2429,0022-2429,Journal of Marketing,Marketing,4*
1626,,,,,
1627,1352-7266,1352-7266,Journal of Marketing Communications,Marketing,1
1628,0273-4753,0273-4753,Journal of Marketing Education,Education,2
1629,,,,,
1630,0267-257X,0267-257X,Journal of Marketing Management,Marketing,2
1631,0022-2437,0022-2437,Journal of Marketing Research,Marketing,4*
1632,1069-6679,1069-6679,Journal of Marketing Theory and Practice,Marketing,1
1633,,,,,
1634,0304-4068,0304-4068,Journal of Mathematical Economics,Economics,3
1635,,,,,
1636,,,,,
1637,,,,,
1638,,,,,
1639,,,,,
1640,0304-3932,0304-3932,Journal of Monetary Economics,Economics,4
1641,,,,,
1642,0022-2879,0022-2879,"Journal of Money, Credit and Banking",Finance & Accounting,4
1643,1057-9214,1057-9214,Journal of Multi-Criteria Decision Analysis,"Operations Research, Management Science, Production & Operations Management",1
1644,1042-444X,1042-444X,Journal of Multinational Financial Management,Finance & Accounting,2
1645,0047-259X,0047-259X,Journal of Multivariate Analysis,"Operations Research, Management Science, Production & Operations Management",3
1646,,,,,
1647,,,,,
1648,,,,,
1649,,,,,
1650,0963-1798,0963-1798,Journal of Occupational and Organizational Psychology,"Organization Behavior/Studies, Human Resource Management, Industrial Relations",4
1651,1076-8998,1076-8998,Journal of Occupational Health Psychology,Psychology,4
1652,,,,,
1653,0272-6963,0272-6963,Journal of Operations Management,"Operations Research, Management Science, Production & Operations Management",4*
1654,0022-3239,0022-3239,Journal of Optimization Theory and Applications,"Operations Research, Management Science, Production & Operations Management",3
1655,,,,,
1656,0894-3796,0894-3796,Journal of Organizational Behavior,"Organization Behavior/Studies, Human Resource Management, Industrial Relations",4
1657,,,,,
1658,0160-8061,0160-8061,Journal of Organizational Behavior Management,"Organization Behavior/Studies, Human Resource Management, Industrial Relations",2
1659,0953-4814,0953-4814,Journal of Organizational Change Management,General & Strategy,2
1660,1091-9392,1091-9392,Journal of Organizational Computing and Electronic Comm,"Management Information Systems, Knowledge Management",1
1661,,,,,
1662,,,,,
1663,,,,,
1664,,,,,
1665,,,,,
1666,,,,,
1667,,,,,
1668,0885-3134,0885-3134,Journal of Personal Selling and Sales Management,Marketing,2
1669,0022-3506,0022-3506,Journal of Personality,Psychology,3
1670,0022-3514,0022-3514,Journal of Personality and Social Psychology,Psychology,4
1671,,,,,
1672,,,,,
1673,,,,,
1674,0276-8739,0276-8739,Journal of Policy Analysis and Management,Public Sector Management,3
1675,0161-8938,0161-8938,Journal of Policy Modeling,Public Sector Management,2
1676,,,,,
1677,0022-3808,0022-3808,Journal of Political Economy,Economics,4*
1678,,,,,
1679,,,,,
1680,,,,,
1681,,,,,
1682,0933-1433,0933-1433,Journal of Population Economics,Economics,3
1683,,,,,
1684,0160-3477,0160-3477,Journal of Post Keynesian Economics,Economics,2
1685,1061-0421,1061-0421,Journal of Product and Brand Management,Marketing,1
1686,0737-6782,0737-6782,Journal of Product Innovation Management,Innovation,4
1687,0895-562X,0895-562X,Journal of Productivity Analysis,"Operations Research, Management Science, Production & Operations Management",2
1688,,,,,
1689,2051-8803,2051-8803,Journal of Professions and Organization,"Organization Behavior/Studies, Human Resource Management, Industrial Relations",2
1690,,,,,
1691,,,,,
1692,,,,,
1693,,,,,
1694,1053-1858,1053-1858,Journal of Public Administration Research and Theory,Public Sector Management,4
1695,,,,,
1696,,,,,
1697,1097-3923,1097-3923,Journal of Public Economic Theory,Economics,2
1698,0047-2727,0047-2727,Journal of Public Economics,Economics,3
1699,,,,,
1700,,,,,
1701,0743-9156,0743-9156,Journal of Public Policy and Marketing,Marketing,3
1702,,,,,
1703,,,,,
1704,,,,,
1705,1478-4092,1478-4092,Journal of Purchasing and Supply Management,"Operations Research, Management Science, Production & Operations Management",3
1706,,,,,
1707,,,,,
1708,0022-4065,0022-4065,Journal of Quality Technology,"Management Information Systems, Knowledge Management",
1709,,,,,
1710,0895-5638,0895-5638,Journal of Real Estate Finance and Economics,Finance & Accounting,3
1711,,,,,
1712,,,,,
1713,,,,,
1714,,,,,
1715,0022-4146,0022-4146,Journal of Regional Science,Economics,3
1716,0922-680X,0922-680X,Journal of Regulatory Economics,Economics,2
1717,1533-2667,1533-2667,Journal of Relationship Marketing,Marketing,1
1718,,,,,
1719,,,,,
1720,,,,,
1721,,,,,
1722,0022-4359,0022-4359,Journal of Retailing,Marketing,4
1723,0969-6989,0969-6989,Journal of Retailing and Consumer Services,Marketing,2
1724,,,,,
1725,,,,,
1726,,,,,
1727,0022-4367,0022-4367,Journal of Risk and Insurance,Finance & Accounting,3
1728,0895-5646,0895-5646,Journal of Risk and Uncertainty,Economics,3
1729,,,,,
1730,,,,,
1731,,,,,
1732,1094-6136,1094-6136,Journal of Scheduling,"Operations Research, Management Science, Production & Operations Management",1
1733,,,,,
1734,,,,,
1735,1757-5818,1757-5818,Journal of Service Management,"Operations Research, Management Science, Production & Operations Management",2
1736,1094-6705,1094-6705,Journal of Service Research,Marketing,4
1737,2055-6225,2055-6225,Journal of Service Theory and Practice,Marketing,1
1738,0887-6045,0887-6045,Journal of Services Marketing,Marketing,2
1739,,,,,
1740,,,,,
1741,1462-6004,1462-6004,Journal of Small Business and Enterprise Development,Entrepreneurship,2
1742,,,,,
1743,0047-2778,0047-2778,Journal of Small Business Management,Entrepreneurship,3
1744,,,,,
1745,,,,,
1746,,,,,
1747,0022-4537,0022-4537,Journal of Social Issues,Sociology,
1748,,,,,
1749,0047-2794,0047-2794,Journal of Social Policy,Public Sector Management,3
1750,,,,,
1751,,,,,
1752,,,,,
1753,,,,,
1754,,,,,
1755,,,,,
1756,,,,,
1757,,,,,
1758,,,,,
1759,,,,,
1760,,,,,
1761,0888-4773,0888-4773,Journal of Sport Management,General & Strategy,2
1762,,,,,
1763,,,,,
1764,,,,,
1765,,,,,
1766,,,,,
1767,,,,,
1768,,,,,
1769,,,,,
1770,,,,,
1771,0963-8687,0963-8687,Journal of Strategic Information Systems,"Management Information Systems, Knowledge Management",4
1772,0965-254X,0965-254X,Journal of Strategic Marketing,Marketing,2
1773,,,,,
1774,,,,,
1775,1523-2409,1523-2409,Journal of Supply Chain Management,"Operations Research, Management Science, Production & Operations Management",4
1776,,,,,
1777,,,,,
1778,0966-9582,0966-9582,Journal of Sustainable Tourism,Tourism,3
1779,,,,,
1780,,,,,
1781,,,,,
1782,,,,,
1783,,,,,
1784,,,,,
1785,,,,,
1786,,,,,
1787,,,,,
1788,0092-0703,0092-0703,Journal of the Academy of Marketing Science,Marketing,4*
1789,0162-1459,0162-1459,Journal of the American Statistical Association,Economics,4
1790,0198-9073,0198-9073,Journal of the American Taxation Association,Finance & Accounting,3
1791,,,,,
1792,,,,,
1793,1536-9323,1536-9323,Journal of the Association for Information Systems,"Management Information Systems, Knowledge Management",4*
1794,2333-5955,2333-5955,Journal of the Association of Environmental and Resource,Economics,3
1795,,,,,
1796,,,,,
1797,,,,,
1798,,,,,
1799,1542-4766,1542-4766,Journal of the European Economic Association,Economics,4
1800,1053-8372,1053-8372,Journal of the History of Economic Thought,Economics,2
1801,,,,,
1802,,,,,
1803,,,,,
1804,,,,,
1805,,,,,
1806,0160-5682,0160-5682,Journal of the Operational Research Society,"Operations Research, Management Science, Production & Operations Management",3
1807,,,,,
1808,1467-985X,1467-985X,Journal of the Royal Statistical Society. Series A: Statistics in,"Operations Research, Management Science, Production & Operations Management",3
1809,1467-9868,1467-9868,Journal of the Royal Statistical Society. Series B: Statistical,"Operations Research, Management Science, Production & Operations Management",4
1810,1467-9876,1467-9876,Journal of the Royal Statistical Society. Series C: Applied S,"Operations Research, Management Science, Production & Operations Management",3
1811,,,,,
1812,,,,,
1813,,,,,
1814,,,,,
1815,,,,,
1816,,,,,
1817,,,,,
1818,,,,,
1819,,,,,
1820,,,,,
1821,,,,,
1822,,,,,
1823,,,,,
1824,,,,,
1825,,,,,
1826,,,,,
1827,0966-6923,0966-6923,Journal of Transport Geography,"Operations Research, Management Science, Production & Operations Management",2
1828,,,,,
1829,0022-5258,0022-5258,Journal of Transport Economics and Policy,Economics,1
1830,,,,,
1831,,,,,
1832,1054-8408,1054-8408,Journal of Travel and Tourism Marketing,Tourism,2
1833,,,,,
1834,0047-2875,0047-2875,Journal of Travel Research,Tourism,4
1835,,,,,
1836,,,,,
1837,,,,,
1838,0094-1190,0094-1190,Journal of Urban Economics,Economics,3
1839,,,,,
1840,,,,,
1841,0001-8791,0001-8791,Journal of Vocational Behavior,"Organization Behavior/Studies, Human Resource Management, Industrial Relations",4
1842,,,,,
1843,,,,,
1844,,,,,
1845,1090-9516,1090-9516,Journal of World Business,International Business,4
1846,,,,,
1847,1011-6702,1011-6702,Journal of World Trade,Economics,2
1848,,,,,
1849,1930-2975,1930-2975,Judgment and Decision Making,Psychology,3
1850,,,,,
1851,,,,,
1852,,,,,
1853,,,,,
1854,,,,,
1855,,,,,
1856,,,,,
1857,,,,,
1858,1092-4604,1092-4604,Knowledge and Process Management,"Operations Research, Management Science, Production & Operations Management",1
1859,,,,,
1860,,,,,
1861,,,,,
1862,,,,,
1863,,,,,
1864,,,,,
1865,0023-5962,0023-5962,Kyklos,Economics,2
1866,,,,,
1867,0023-656X,0023-656X,Labor History,"Organization Behavior/Studies, Human Resource Management, Industrial Relations",2
1868,,,,,
1869,,,,,
1870,1121-7081,1121-7081,Labour,Economics,1
1871,,,,,
1872,,,,,
1873,0927-5371,0927-5371,Labour Economics,Economics,3
1874,,,,,
1875,0023-6942,0023-6942,Labour History,General & Strategy,
1876,,,,,
1877,,,,,
1878,0023-7639,0023-7639,Land Economics,Economics,3
1879,,,,,
1880,,,,,
1881,,,,,
1882,,,,,
1883,,,,,
1884,,,,,
1885,1742-7150,1742-7150,Leadership,"Organization Behavior/Studies, Human Resource Management, Industrial Relations",2
1886,0143-7739,0143-7739,Leadership and Organization Development Journal,General & Strategy,1
1887,,,,,
1888,,,,,
1889,,,,,
1890,,,,,
1891,,,,,
1892,0149-0400,0149-0400,Leisure Sciences,Tourism,2
1893,,,,,
1894,,,,,
1895,,,,,
1896,,,,,
1897,,,,,
1898,,,,,
1899,,,,,
1900,0269-0942,0269-0942,Local Economy,Public Sector Management,2
1901,0300-3930,0300-3930,Local Government Studies,Public Sector Management,2
1902,,,,,
1903,0024-6301,0024-6301,Long Range Planning,General & Strategy,4
1904,,,,,
1905,,,,,
1906,1365-1005,1365-1005,Macroeconomic Dynamics,Economics,2
1907,,,,,
1908,,,,,
1909,,,,,
1910,1286-4692,1286-4692,M@n@gement,General & Strategy,1
1911,,,,,
1912,,,,,
1913,,,,,
1914,,,,,
1915,1044-5005,1044-5005,Management Accounting Research,Finance & Accounting,3
1916,,,,,
1917,,,,,
1918,1740-8776,1740-8776,Management and Organization Review,General & Strategy,3
1919,0893-3189,0893-3189,Management Communication Quarterly,General & Strategy,2
1920,,,,,
1921,0025-1747,0025-1747,Management Decision,General & Strategy,2
1922,0938-8249,0938-8249,Management International Review,International Business,3
1923,1350-5076,1350-5076,Management Learning,General & Strategy,3
1924,,,,,
1925,,,,,
1926,,,,,
1927,,,,,
1928,0025-1909,0025-1909,Management Science,"Operations Research, Management Science, Production & Operations Management",4*
1929,,,,,
1930,,,,,
1931,0143-6570,0143-6570,Managerial and Decision Economics,Economics,2
1932,0268-6902,0268-6902,Managerial Auditing Journal,Finance & Accounting,2
1933,0307-4358,0307-4358,Managerial Finance,Finance & Accounting,1
1934,,,,,
1935,,,,,
1936,1463-6786,1463-6786,Manchester School,Economics,2
1937,1523-4614,1523-4614,Manufacturing and Service Operations Management,"Operations Research, Management Science, Production & Operations Management",3
1938,,,,,
1939,0308-597X,0308-597X,Marine Policy,Economics,2
1940,,,,,
1941,,,,,
1942,1479-2931,1479-2931,Maritime Economics and Logistics,Economics,1
1943,,,,,
1944,,,,,
1945,,,,,
1946,,,,,
1947,,,,,
1948,0263-4503,0263-4503,Marketing Intelligence and Planning,Marketing,1
1949,0923-0645,0923-0645,Marketing Letters,Marketing,3
1950,0732-2399,0732-2399,Marketing Science,Marketing,4*
1951,1470-5931,1470-5931,Marketing Theory,Marketing,3
1952,0960-1627,0960-1627,Mathematical Finance,Finance & Accounting,3
1953,,,,,
1954,,,,,
1955,0165-4896,0165-4896,Mathematical Social Sciences,Economics,2
1956,,,,,
1957,0364-765X,0364-765X,Mathematics of Operations Research,"Operations Research, Management Science, Production & Operations Management",3
1958,,,,,
1959,,,,,
1960,0163-4437,0163-4437,"Media, Culture and Society",Communication,
1961,,,,,
1962,,,,,
1963,,,,,
1964,,,,,
1965,,,,,
1966,,,,,
1967,,,,,
1968,,,,,
1969,,,,,
1970,,,,,
1971,,,,,
1972,,,,,
1973,,,,,
1974,0276-7783,0276-7783,MIS Quarterly: Management Information Systems,"Management Information Systems, Knowledge Management",4*
1975,1540-1960,1540-1960,MIS Quarterly Executive,"Management Information Systems, Knowledge Management",2
1976,1532-9194,1532-9194,MIT Sloan Management Review,General & Strategy,3
1977,,,,,
1978,,,,,
1979,,,,,
1980,,,,,
1981,,,,,
1982,,,,,
1983,1525-383X,1525-383X,Multinational Business Review,International Business,3
1984,,,,,
1985,,,,,
1986,,,,,
1987,,,,,
1988,0028-0283,0028-0283,National Tax Journal,Economics,2
1989,0894-069X,0894-069X,Naval Research Logistics,"Operations Research, Management Science, Production & Operations Management",3
1990,,,,,
1991,,,,,
1992,0748-4526,0748-4526,Negotiation Journal,General & Strategy,2
1993,,,,,
1994,,,,,
1995,,,,,
1996,,,,,
1997,,,,,
1998,,,,,
1999,,,,,
2000,0268-1072,0268-1072,"New Technology, Work and Employment","Organization Behavior/Studies, Human Resource Management, Industrial Relations",3
2001,,,,,
2002,,,,,
2003,,,,,
2004,,,,,
2005,,,,,
2006,,,,,
2007,,,,,
2008,,,,,
2009,,,,,
2010,,,,,
2011,,,,,
2012,,,,,
2013,,,,,
2014,,,,,
2015,0899-7640,0899-7640,Nonprofit and Voluntary Sector Quarterly,Public Sector Management,3
2016,1048-6682,1048-6682,Nonprofit Management and Leadership,Public Sector Management,1
2017,,,,,
2018,,,,,
2019,1092-0277,1092-0277,North American Actuarial Journal,Finance & Accounting,2
2020,,,,,
2021,,,,,
2022,,,,,
2023,,,,,
2024,,,,,
2025,,,,,
2026,,,,,
2027,,,,,
2028,0305-0483,0305-0483,OMEGA,"Operations Research, Management Science, Production & Operations Management",3
2029,,,,,
2030,,,,,
2031,,,,,
2032,,,,,
2033,,,,,
2034,,,,,
2035,0030-364X,0030-364X,Operations Research,"Operations Research, Management Science, Production & Operations Management",4*
2036,0167-6377,0167-6377,Operations Research Letters,"Operations Research, Management Science, Production & Operations Management",2
2037,,,,,
2038,,,,,
2039,,,,,
2040,0171-6468,0171-6468,OR Spectrum,"Operations Research, Management Science, Production & Operations Management",3
2041,,,,,
2042,1350-5084,1350-5084,Organization,"Organization Behavior/Studies, Human Resource Management, Industrial Relations",3
2043,1086-0266,1086-0266,Organization and Environment,General & Strategy,3
2044,,,,,
2045,,,,,
2046,1047-7039,1047-7039,Organization Science,"Organization Behavior/Studies, Human Resource Management, Industrial Relations",4*
2047,0170-8406,0170-8406,Organization Studies,"Organization Behavior/Studies, Human Resource Management, Industrial Relations",4
2048,2631-7877,2631-7877,Organization Theory,"Organization Behavior/Studies, Human Resource Management, Industrial Relations",
2049,0749-5978,0749-5978,Organizational Behavior and Human Decision Processes,"Organization Behavior/Studies, Human Resource Management, Industrial Relations",4
2050,0090-2616,0090-2616,Organizational Dynamics,"Organization Behavior/Studies, Human Resource Management, Industrial Relations",3
2051,2041-3866,2041-3866,Organizational Psychology Review,"Organization Behavior/Studies, Human Resource Management, Industrial Relations",2
2052,1094-4281,1094-4281,Organizational Research Methods,General & Strategy,4
2053,,,,,
2054,,,,,
2055,0305-9049,0305-9049,Oxford Bulletin of Economics and Statistics,Economics,3
2056,,,,,
2057,0030-7653,0030-7653,Oxford Economic Papers,Economics,3
2058,,,,,
2059,0266-903X,0266-903X,Oxford Review of Economic Policy,Economics,2
2060,,,,,
2061,,,,,
2062,,,,,
2063,,,,,
2064,,,,,
2065,,,,,
2066,1361-374X,1361-374X,Pacific Economic Review,Economics,2
2067,,,,,
2068,0927-538X,0927-538X,Pacific Basin Finance Journal,Finance & Accounting,2
2069,,,,,
2070,,,,,
2071,,,,,
2072,,,,,
2073,1056-8190,1056-8190,Papers in Regional Science,Economics,3
2074,,,,,
2075,,,,,
2076,,,,,
2077,,,,,
2078,,,,,
2079,,,,,
2080,0191-8869,0191-8869,Personality and Individual Differences,Psychology,3
2081,0146-1672,0146-1672,Personality and Social Psychology Bulletin,Psychology,4
2082,0031-5826,0031-5826,Personnel Psychology,"Organization Behavior/Studies, Human Resource Management, Industrial Relations",4*
2083,0048-3486,0048-3486,Personnel Review,"Organization Behavior/Studies, Human Resource Management, Industrial Relations",2
2084,,,,,
2085,,,,,
2086,,,,,
2087,,,,,
2088,,,,,
2089,,,,,
2090,,,,,
2091,,,,,
2092,,,,,
2093,,,,,
2094,0305-5736,0305-5736,Policy and Politics,Public Sector Management,3
2095,,,,,
2096,0032-2687,0032-2687,Policy Sciences,Public Sector Management,1
2097,,,,,
2098,0190-292X,0190-292X,Policy Studies Journal,Public Sector Management,3
2099,1058-4609,1058-4609,Political Communication,Communication,
2100,,,,,
2101,,,,,
2102,,,,,
2103,,,,,
2104,,,,,
2105,0032-3292,0032-3292,Politics and Society,Public Sector Management,3
2106,,,,,
2107,,,,,
2108,,,,,
2109,,,,,
2110,,,,,
2111,,,,,
2112,,,,,
2113,,,,,
2114,,,,,
2115,,,,,
2116,,,,,
2117,,,,,
2118,,,,,
2119,,,,,
2120,,,,,
2121,,,,,
2122,1059-1478,1059-1478,Production and Operations Management,"Operations Research, Management Science, Production & Operations Management",4
2123,0953-7287,0953-7287,Production Planning and Control,"Operations Research, Management Science, Production & Operations Management",3
2124,,,,,
2125,,,,,
2126,8756-9728,8756-9728,Project Management Journal,General & Strategy,1
2127,,,,,
2128,,,,,
2129,0033-2909,0033-2909,Psychological Bulletin,Psychology,4
2130,1082-989X,1082-989X,Psychological Methods,Psychology,
2131,0340-0727,0340-0727,Psychological Research,Psychology,3
2132,0033-295X,0033-295X,Psychological Review,Psychology,4
2133,0956-7976,0956-7976,Psychological Science,Psychology,4*
2134,0742-6046,0742-6046,Psychology and Marketing,Marketing,3
2135,0361-6843,0361-6843,Psychology of Women Quarterly,"Organization Behavior/Studies, Human Resource Management, Industrial Relations",3
2136,0271-2075,0271-2075,Public Administration and Development,Public Sector Management,2
2137,0734-9149,0734-9149,Public Administration Quarterly,Public Sector Management,1
2138,0033-3352,0033-3352,Public Administration Review,Public Sector Management,4*
2139,0033-3298,0033-3298,Public Administration,Public Sector Management,4
2140,,,,,
2141,0048-5829,0048-5829,Public Choice,Public Sector Management,3
2142,0015-2218,0015-2218,FinanzArchiv,Economics,1
2143,,,,,
2144,1091-1421,1091-1421,Public Finance Review,Economics,
2145,,,,,
2146,1471-9037,1471-9037,Public Management Review,Public Sector Management,4
2147,0954-0962,0954-0962,Public Money and Management,Public Sector Management,2
2148,0033-362X,0033-362X,Public Opinion Quarterly,Marketing,3
2149,,,,,
2150,,,,,
2151,,,,,
2152,,,,,
2153,,,,,
2154,,,,,
2155,,,,,
2156,,,,,
2157,1352-2752,1352-2752,Qualitative Market Research,Marketing,2
2158,1176-6093,1176-6093,Qualitative Research in Accounting and Management,Finance & Accounting,2
2159,,,,,
2160,,,,,
2161,,,,,
2162,,,,,
2163,,,,,
2164,,,,,
2165,1759-7323,1759-7323,Quantitative Economics,Economics,4
2166,1469-7688,1469-7688,Quantitative Finance,Finance & Accounting,3
2167,1570-7156,1570-7156,Quantitative Marketing and Economics,Marketing,3
2168,1747-0218,1747-0218,Quarterly Journal of Experimental Psychology,Psychology,3
2169,,,,,
2170,,,,,
2171,,,,,
2172,1062-9769,1062-9769,Quarterly Review of Economics and Finance,Economics,2
2173,,,,,
2174,,,,,
2175,,,,,
2176,0033-6807,0033-6807,R and D Management,Innovation,3
2177,,,,,
2178,0741-6261,0741-6261,RAND Journal of Economics,Economics,4
2179,,,,,
2180,,,,,
2181,1080-8620,1080-8620,Real Estate Economics,Economics,3
2182,,,,,
2183,,,,,
2184,,,,,
2185,,,,,
2186,,,,,
2187,,,,,
2188,0166-0462,0166-0462,Regional Science and Urban Economics,Economics,3
2189,0034-3404,0034-3404,Regional Studies,Public Sector Management,4
2190,,,,,
2191,1748-5991,1748-5991,Regulation and Governance,Public Sector Management,3
2192,,,,,
2193,0951-8320,0951-8320,Reliability Engineering and System Safety,"Operations Research, Management Science, Production & Operations Management",3
2194,,,,,
2195,,,,,
2196,,,,,
2197,,,,,
2198,,,,,
2199,,,,,
2200,,,,,
2201,,,,,
2202,0275-5319,0275-5319,Research in International Business and Finance,Finance & Accounting,2
2203,0191-3085,0191-3085,Research in Organizational Behavior,"Organization Behavior/Studies, Human Resource Management, Industrial Relations",3
2204,,,,,
2205,0733-558X,0733-558X,Research in the Sociology of Organizations,Sociology,3
2206,,,,,
2207,,,,,
2208,,,,,
2209,0048-7333,0048-7333,Research Policy,Economics,4*
2210,0895-6308,0895-6308,Research Technology Management,"Operations Research, Management Science, Production & Operations Management",2
2211,,,,,
2212,,,,,
2213,,,,,
2214,,,,,
2215,,,,,
2216,,,,,
2217,1380-6653,1380-6653,Review of Accounting Studies,Finance & Accounting,4
2218,,,,,
2219,2045-9920,2045-9920,Review of Asset Pricing Studies,Finance & Accounting,3
2220,,,,,
2221,,,,,
2222,,,,,
2223,2046-9128,2046-9128,Review of Corporate Finance Studies,Finance & Accounting,3
2224,1380-6645,1380-6645,Review of Derivatives Research,Finance & Accounting,2
2225,,,,,
2226,,,,,
2227,,,,,
2228,,,,,
2229,1094-2025,1094-2025,Review of Economic Dynamics,Economics,3
2230,,,,,
2231,,,,,
2232,1569-5239,1569-5239,Review of Economics of the Household,Economics,2
2233,,,,,
2234,1572-3097,1572-3097,Review of Finance,Finance & Accounting,4
2235,1058-3300,1058-3300,Review of Financial Economics,Finance & Accounting,1
2236,,,,,
2237,1475-4991,1475-4991,Review of Income and Wealth,Economics,3
2238,0889-938X,0889-938X,Review of Industrial Organization,Economics,2
2239,,,,,
2240,0965-7576,0965-7576,Review of International Economics,Economics,2
2241,,,,,
2242,,,,,
2243,,,,,
2244,,,,,
2245,,,,,
2246,,,,,
2247,1863-6683,1863-6683,Review of Managerial Science,General & Strategy,2
2248,,,,,
2249,,,,,
2250,,,,,
2251,,,,,
2252,,,,,
2253,,,,,
2254,0924-865X,0924-865X,Review of Quantitative Finance and Accounting,Finance & Accounting,3
2255,,,,,
2256,,,,,
2257,0034-6764,0034-6764,Review of Social Economy,Economics,2
2258,,,,,
2259,,,,,
2260,1610-2878,1610-2878,Review of World Economics,Economics,2
2261,,,,,
2262,,,,,
2263,,,,,
2264,,,,,
2265,,,,,
2266,,,,,
2267,,,,,
2268,,,,,
2269,,,,,
2270,,,,,
2271,,,,,
2272,,,,,
2273,,,,,
2274,,,,,
2275,,,,,
2276,0925-7535,0925-7535,Safety Science,"Operations Research, Management Science, Production & Operations Management",2
2277,,,,,
2278,,,,,
2279,0347-0520,0347-0520,Scandinavian Journal of Economics,Economics,3
2280,1502-2250,1502-2250,Scandinavian Journal of Hospitality and Tourism,Tourism,2
2281,0905-0167,0905-0167,Scandinavian Journal of Information Systems,"Management Information Systems, Knowledge Management",2
2282,0956-5221,0956-5221,Scandinavian Journal of Management,General & Strategy,2
2283,,,,,
2284,,,,,
2285,,,,,
2286,1075-5470,1075-5470,Science Communication,Communication,
2287,,,,,
2288,0162-2439,0162-2439,Science Technology and Human Values,Innovation,2
2289,0138-9130,0138-9130,Scientometrics,Innovation,2
2290,0036-9292,0036-9292,Scottish Journal of Political Economy,Economics,2
2291,,,,,
2292,,,,,
2293,,,,,
2294,,,,,
2295,,,,,
2296,,,,,
2297,0264-2069,0264-2069,Service Industries Journal,"Operations Research, Management Science, Production & Operations Management",2
2298,,,,,
2299,,,,,
2300,,,,,
2301,,,,,
2302,,,,,
2303,,,,,
2304,,,,,
2305,,,,,
2306,0921-898X,0921-898X,Small Business Economics,Entrepreneurship,3
2307,,,,,
2308,1046-4964,1046-4964,Small Group Research,"Organization Behavior/Studies, Human Resource Management, Industrial Relations",2
2309,,,,,
2310,,,,,
2311,,,,,
2312,,,,,
2313,0176-1714,0176-1714,Social Choice and Welfare,Sociology,3
2314,,,,,
2315,,,,,
2316,,,,,
2317,,,,,
2318,,,,,
2319,0144-5596,0144-5596,Social Policy and Administration,Public Sector Management,2
2320,0037-7791,0037-7791,Social Problems,Sociology,
2321,1948-5506,1948-5506,Social Psychological and Personality Science,Psychology,3
2322,,,,,
2323,0277-9536,0277-9536,Social Science and Medicine,Sociology,4
2324,,,,,
2325,,,,,
2326,,,,,
2327,,,,,
2328,,,,,
2329,,,,,
2330,0038-0121,0038-0121,Socio-Economic Planning Sciences,Economics,2
2331,1475-1461,1475-1461,Socio-Economic Review,Economics,4
2332,,,,,
2333,,,,,
2334,0081-1750,0081-1750,Sociological Methodology,Sociology,3
2335,0735-2751,0735-2751,Sociological Theory,Sociology,
2336,,,,,
2337,0038-0385,0038-0385,Sociology,Sociology,4
2338,,,,,
2339,,,,,
2340,,,,,
2341,,,,,
2342,,,,,
2343,,,,,
2344,,,,,
2345,,,,,
2346,,,,,
2347,,,,,
2348,,,,,
2349,,,,,
2350,,,,,
2351,,,,,
2352,0038-4038,0038-4038,Southern Economic Journal,Economics,2
2353,,,,,
2354,,,,,
2355,,,,,
2356,,,,,
2357,,,,,
2358,,,,,
2359,,,,,
2360,,,,,
2361,1441-3523,1441-3523,Sport Management Review,General & Strategy,2
2362,,,,,
2363,,,,,
2364,,,,,
2365,,,,,
2366,,,,,
2367,,,,,
2368,,,,,
2369,,,,,
2370,,,,,
2371,,,,,
2372,,,,,
2373,,,,,
2374,,,,,
2375,,,,,
2376,,,,,
2377,,,,,
2378,,,,,
2379,,,,,
2380,,,,,
2381,,,,,
2382,,,,,
2383,,,,,
2384,,,,,
2385,,,,,
2386,,,,,
2387,,,,,
2388,,,,,
2389,,,,,
2390,,,,,
2391,,,,,
2392,,,,,
2393,,,,,
2394,,,,,
2395,1932-4391,1932-4391,Strategic Entrepreneurship Journal,General & Strategy,4
2396,0143-2095,0143-2095,Strategic Management Journal,General & Strategy,4*
2397,1476-1270,1476-1270,Strategic Organization,General & Strategy,3
2398,,,,,
2399,2333-2050,2333-2050,Strategy Science,General & Strategy,3
2400,1532-3005,1532-3005,Stress and Health,"Organization Behavior/Studies, Human Resource Management, Industrial Relations",3
2401,,,,,
2402,1070-5511,1070-5511,Structural Equation Modeling,Marketing,
2403,,,,,
2404,,,,,
2405,,,,,
2406,,,,,
2407,,,,,
2408,0307-5079,0307-5079,Studies in Higher Education,Education,3
2409,,,,,
2410,,,,,
2411,,,,,
2412,,,,,
2413,,,,,
2414,,,,,
2415,1359-8546,1359-8546,Supply Chain Management,"Operations Research, Management Science, Production & Operations Management",3
2416,,,,,
2417,,,,,
2418,,,,,
2419,,,,,
2420,,,,,
2421,,,,,
2422,,,,,
2423,,,,,
2424,,,,,
2425,,,,,
2426,,,,,
2427,,,,,
2428,,,,,
2429,,,,,
2430,,,,,
2431,,,,,
2432,,,,,
2433,0040-1625,0040-1625,Technological Forecasting and Social Change,Innovation,3
2434,,,,,
2435,0953-7325,0953-7325,Technology Analysis and Strategic Management,General & Strategy,2
2436,,,,,
2437,0040-1706,0040-1706,Technometrics,"Operations Research, Management Science, Production & Operations Management",
2438,0166-4972,0166-4972,Technovation,Innovation,3
2439,,,,,
2440,,,,,
2441,,,,,
2442,0001-4826,0001-4826,Accounting Review,Finance & Accounting,4*
2443,,,,,
2444,0002-8282,0002-8282,American Economic Review,Economics,4*
2445,,,,,
2446,0003-1305,0003-1305,American Statistician,"Operations Research, Management Science, Production & Operations Management",
2447,0570-1864,0570-1864,Annals of Regional Science,Economics,2
2448,0004-9018,0004-9018,Australian Economic Review,Economics,1
2449,1364-985X,1364-985X,Australian Journal of Agricultural and Resource Economics,Economics,2
2450,,,,,
2451,1555-0494,1555-0494,B.E. Journal of Economic Analysis and Policy,Economics,2
2452,1935-1690,1935-1690,B.E. Journal of Macroeconomics,Economics,2
2453,1935-1704,1935-1704,B.E. Journal of Theoretical Economics,Economics,2
2454,,,,,
2455,,,,,
2456,,,,,
2457,,,,,
2458,0305-7410,0305-7410,China Quarterly,Economics,2
2459,,,,,
2460,,,,,
2461,,,,,
2462,,,,,
2463,0013-0117,0013-0117,Economic History Review,Business History,4
2464,0013-0133,0013-0133,Economic Journal,Economics,4
2465,0013-0249,0013-0249,Economic Record,Economics,2
2466,,,,,
2467,0963-8180,0963-8180,European Accounting Review,Finance & Accounting,3
2468,1351-847X,1351-847X,European Journal of Finance,Finance & Accounting,3
2469,,,,,
2470,1018-5895,1018-5895,Geneva Papers on Risk and Insurance: Issues and Practic,Economics,2
2471,1554-964X,1554-964X,Geneva Risk and Insurance Review,Finance & Accounting,2
2472,,,,,
2473,,,,,
2474,0197-2243,0197-2243,Information Society,"Management Information Systems, Knowledge Management",3
2475,1094-4060,1094-4060,International Journal of Accounting,Finance & Accounting,3
2476,,,,,
2477,,,,,
2478,,,,,
2479,0957-4093,0957-4093,International Journal of Logistics Management,"Operations Research, Management Science, Production & Operations Management",1
2480,,,,,
2481,,,,,
2482,,,,,
2483,,,,,
2484,,,,,
2485,,,,,
2486,,,,,
2487,,,,,
2488,,,,,
2489,0021-8863,0021-8863,The Journal of Applied Behavioral Science,Psychology,2
2490,,,,,
2491,1074-1240,1074-1240,Journal of Derivatives,Finance & Accounting,2
2492,,,,,
2493,,,,,
2494,,,,,
2495,0022-0485,0022-0485,Journal of Economic Education,Education,1
2496,0022-0507,0022-0507,Journal of Economic History,Economics,3
2497,1569-1721,1569-1721,Journal of Economic Inequality,Economics,2
2498,0022-1082,0022-1082,Journal of Finance,Finance & Accounting,4*
2499,,,,,
2500,1059-8596,1059-8596,Journal of Fixed Income,Finance & Accounting,2
2501,0270-7314,0270-7314,Journal of Futures Markets,Finance & Accounting,3
2502,,,,,
2503,,,,,
2504,0022-1821,0022-1821,Journal of Industrial Economics,Economics,3
2505,,,,,
2506,,,,,
2507,0022-2186,0022-2186,Journal of Law and Economics,Economics,3
2508,,,,,
2509,0095-4918,0095-4918,Journal of Portfolio Management,Finance & Accounting,3
2510,,,,,
2511,,,,,
2512,,,,,
2513,,,,,
2514,,,,,
2515,,,,,
2516,,,,,
2517,,,,,
2518,1048-9843,1048-9843,Leadership Quarterly,"Organization Behavior/Studies, Human Resource Management, Industrial Relations",4
2519,,,,,
2520,0887-378X,0887-378X,Milbank Quarterly,Public Sector Management,3
2521,,,,,
2522,,,,,
2523,,,,,
2524,,,,,
2525,0033-5533,0033-5533,Quarterly Journal of Economics,Economics,4*
2526,,,,,
2527,,,,,
2528,0034-6527,0034-6527,Review of Economic Studies,Economics,4*
2529,0034-6535,0034-6535,Review of Economics and Statistics,Economics,4
2530,0893-9454,0893-9454,Review of Financial Studies,Finance & Accounting,4*
2531,,,,,
2532,,,,,
2533,0038-0261,0038-0261,Sociological Review,Sociology,3
2534,,,,,
2535,,,,,
2536,,,,,
2537,,,,,
2538,0258-6770,0258-6770,World Bank Economic Review,Economics,3
2539,0378-5920,0378-5920,World Economy,Economics,2
2540,,,,,
2541,,,,,
2542,1933-6837,1933-6837,Theoretical Economics,Economics,4
2543,0040-5833,0040-5833,Theory and Decision,"Operations Research, Management Science, Production & Operations Management",2
2544,,,,,
2545,,,,,
2546,third world quarterly,0143-6597,Third World Quarterly,Sociology,2
2547,1096-4762,1096-4762,Thunderbird International Business Review,International Business,2
2548,,,,,
2549,,,,,
2550,,,,,
2551,,,,,
2552,,,,,
2553,,,,,
2554,1478-3363,1478-3363,Total Quality Management and Business Excellence,"Operations Research, Management Science, Production & Operations Management",2
2555,,,,,
2556,1083-5423,1083-5423,Tourism Analysis,Tourism,2
2557,,,,,
2558,,,,,
2559,1354-8166,1354-8166,Tourism Economics,Economics;,2
2560,,,,,
2561,,,,,
2562,0261-5177,0261-5177,Tourism Management,Tourism,4
2563,2211-9736,2211-9736,Tourism Management Perspectives,Tourism,2
2564,2156-8316,2156-8316,Tourism Planning and Development,Tourism,2
2565,,,,,
2566,,,,,
2567,,,,,
2568,,,,,
2569,,,,,
2570,,,,,
2571,,,,,
2572,,,,,
2573,,,,,
2574,,,,,
2575,0967-070X,0967-070X,Transport Policy,"Operations Research, Management Science, Production & Operations Management",2
2576,0144-1647,0144-1647,Transport Reviews,"Operations Research, Management Science, Production & Operations Management",2
2577,0049-4488,0049-4488,Transportation,"Operations Research, Management Science, Production & Operations Management",2
2578,,,,,
2579,,,,,
2580,,,,,
2581,0965-8564,0965-8564,Transportation Research Part A: Policy and Practice,"Operations Research, Management Science, Production & Operations Management",3
2582,0191-2615,0191-2615,Transportation Research Part B: Methodological,"Operations Research, Management Science, Production & Operations Management",
2583,0968-090X,0968-090X,Transportation Research Part C: Emerging Technologies,"Operations Research, Management Science, Production & Operations Management",
2584,1361-9209,1361-9209,Transportation Research Part D: Transport and Environme,"Operations Research, Management Science, Production & Operations Management",3
2585,1366-5545,1366-5545,Transportation Research Part E: Logistics and Transportat,"Operations Research, Management Science, Production & Operations Management",3
2586,,,,,
2587,,,,,
2588,0041-1655,0041-1655,Transportation Science,"Operations Research, Management Science, Production & Operations Management",3
2589,,,,,
2590,,,,,
2591,,,,,
2592,,,,,
2593,,,,,
2594,,,,,
2595,,,,,
2596,,,,,
2597,,,,,
2598,,,,,
2599,,,,,
2600,,,,,
2601,,,,,
2602,,,,,
2603,,,,,
2604,,,,,
2605,,,,,
2606,,,,,
2607,0042-0980,0042-0980,Urban Studies,Public Sector Management,3
2608,,,,,
2609,,,,,
2610,,,,,
2611,,,,,
2612,,,,,
2613,,,,,
2614,,,,,
2615,,,,,
2616,,,,,
2617,,,,,
2618,,,,,
2619,,,,,
2620,,,,,
2621,0957-8765,0957-8765,VOLUNTAS,Public Sector Management,2
2622,,,,,
2623,,,,,
2624,,,,,
2625,,,,,
2626,0140-2382,0140-2382,West European Politics,Sociology,3
2627,,,,,
2628,,,,,
2629,,,,,
2630,0267-8373,0267-8373,Work and Stress,"Organization Behavior/Studies, Human Resource Management, Industrial Relations",4
2631,0730-8884,0730-8884,Work and Occupations,"Organization Behavior/Studies, Human Resource Management, Industrial Relations",3
2632,,,,,
2633,0950-0170,0950-0170,"Work, Employment and Society","Organization Behavior/Studies, Human Resource Management, Industrial Relations",4
2634,0257-3032,0257-3032,World Bank Research Observer,Economics,2
2635,,,,,
2636,0305-750X,0305-750X,World Development,Economics,3
2637,,,,,
2638,,,,,
2639,,,,,
2640,,,,,
2641,,,,,
2642,,,,,
2643,,,,,
2644,,,,,
2645,,,,,
2646,,,,,
2647,,,,,
2648,,,,,
2649,,,,,
